country_code,country,year,hs_section_code,hs_section,value_usd,source,source_url
UZB,Uzbekistan,2010,01,Animal Products,10038508,"OEC/BACI HS6 REV. 1992, derived from international merchandise trade data",https://api.oec.world/tesseract/data.jsonrecords
UZB,Uzbekistan,2010,02,Vegetable Products,624672848,"OEC/BACI HS6 REV. 1992, derived from international merchandise trade data",https://api.oec.world/tesseract/data.jsonrecords
UZB,Uzbekistan,2010,03,Animal and Vegetable Bi-Products,1735354,"OEC/BACI HS6 REV. 1992, derived from international merchandise trade data",https://api.oec.world/tesseract/data.jsonrecords
UZB,Uzbekistan,2010,04,Foodstuffs,68329818,"OEC/BACI HS6 REV. 1992, derived from international merchandise trade data",https://api.oec.world/tesseract/data.jsonrecords
UZB,Uzbekistan,2010,05,Mineral Products,1314134101,"OEC/BACI HS6 REV. 1992, derived from international merchandise trade data",https://api.oec.world/tesseract/data.jsonrecords
UZB,Uzbekistan,2010,06,Chemical Products,856468010,"OEC/BACI HS6 REV. 1992, derived from international merchandise trade data",https://api.oec.world/tesseract/data.jsonrecords
UZB,Uzbekistan,2010,07,Plastics and Rubbers,91490736,"OEC/BACI HS6 REV. 1992, derived from international merchandise trade data",https://api.oec.world/tesseract/data.jsonrecords
UZB,Uzbekistan,2010,08,Animal Hides,13276231,"OEC/BACI HS6 REV. 1992, derived from international merchandise trade data",https://api.oec.world/tesseract/data.jsonrecords
UZB,Uzbekistan,2010,09,Wood Products,904255,"OEC/BACI HS6 REV. 1992, derived from international merchandise trade data",https://api.oec.world/tesseract/data.jsonrecords
UZB,Uzbekistan,2010,10,Paper Goods,11536707,"OEC/BACI HS6 REV. 1992, derived from international merchandise trade data",https://api.oec.world/tesseract/data.jsonrecords
UZB,Uzbekistan,2010,11,Textiles,1788411626,"OEC/BACI HS6 REV. 1992, derived from international merchandise trade data",https://api.oec.world/tesseract/data.jsonrecords
UZB,Uzbekistan,2010,12,Footwear and Headwear,3595900,"OEC/BACI HS6 REV. 1992, derived from international merchandise trade data",https://api.oec.world/tesseract/data.jsonrecords
UZB,Uzbekistan,2010,13,Stone And Glass,10581749,"OEC/BACI HS6 REV. 1992, derived from international merchandise trade data",https://api.oec.world/tesseract/data.jsonrecords
UZB,Uzbekistan,2010,14,Precious Metals,296471405,"OEC/BACI HS6 REV. 1992, derived from international merchandise trade data",https://api.oec.world/tesseract/data.jsonrecords
UZB,Uzbekistan,2010,15,Metals,703137672,"OEC/BACI HS6 REV. 1992, derived from international merchandise trade data",https://api.oec.world/tesseract/data.jsonrecords
UZB,Uzbekistan,2010,16,Machines,139048418,"OEC/BACI HS6 REV. 1992, derived from international merchandise trade data",https://api.oec.world/tesseract/data.jsonrecords
UZB,Uzbekistan,2010,17,Transportation,516420933,"OEC/BACI HS6 REV. 1992, derived from international merchandise trade data",https://api.oec.world/tesseract/data.jsonrecords
UZB,Uzbekistan,2010,18,Instruments,14907270.000000002,"OEC/BACI HS6 REV. 1992, derived from international merchandise trade data",https://api.oec.world/tesseract/data.jsonrecords
UZB,Uzbekistan,2010,19,Weapons,133,"OEC/BACI HS6 REV. 1992, derived from international merchandise trade data",https://api.oec.world/tesseract/data.jsonrecords
UZB,Uzbekistan,2010,20,Miscellaneous,10839213,"OEC/BACI HS6 REV. 1992, derived from international merchandise trade data",https://api.oec.world/tesseract/data.jsonrecords
UZB,Uzbekistan,2010,21,Arts and Antiques,669198,"OEC/BACI HS6 REV. 1992, derived from international merchandise trade data",https://api.oec.world/tesseract/data.jsonrecords
UZB,Uzbekistan,2011,01,Animal Products,8072031,"OEC/BACI HS6 REV. 1992, derived from international merchandise trade data",https://api.oec.world/tesseract/data.jsonrecords
UZB,Uzbekistan,2011,02,Vegetable Products,827194981,"OEC/BACI HS6 REV. 1992, derived from international merchandise trade data",https://api.oec.world/tesseract/data.jsonrecords
UZB,Uzbekistan,2011,03,Animal and Vegetable Bi-Products,324492,"OEC/BACI HS6 REV. 1992, derived from international merchandise trade data",https://api.oec.world/tesseract/data.jsonrecords
UZB,Uzbekistan,2011,04,Foodstuffs,60423816,"OEC/BACI HS6 REV. 1992, derived from international merchandise trade data",https://api.oec.world/tesseract/data.jsonrecords
UZB,Uzbekistan,2011,05,Mineral Products,1632204765,"OEC/BACI HS6 REV. 1992, derived from international merchandise trade data",https://api.oec.world/tesseract/data.jsonrecords
UZB,Uzbekistan,2011,06,Chemical Products,690402207,"OEC/BACI HS6 REV. 1992, derived from international merchandise trade data",https://api.oec.world/tesseract/data.jsonrecords
UZB,Uzbekistan,2011,07,Plastics and Rubbers,85834587,"OEC/BACI HS6 REV. 1992, derived from international merchandise trade data",https://api.oec.world/tesseract/data.jsonrecords
UZB,Uzbekistan,2011,08,Animal Hides,12787085,"OEC/BACI HS6 REV. 1992, derived from international merchandise trade data",https://api.oec.world/tesseract/data.jsonrecords
UZB,Uzbekistan,2011,09,Wood Products,1324271,"OEC/BACI HS6 REV. 1992, derived from international merchandise trade data",https://api.oec.world/tesseract/data.jsonrecords
UZB,Uzbekistan,2011,10,Paper Goods,15947025,"OEC/BACI HS6 REV. 1992, derived from international merchandise trade data",https://api.oec.world/tesseract/data.jsonrecords
UZB,Uzbekistan,2011,11,Textiles,1614246950,"OEC/BACI HS6 REV. 1992, derived from international merchandise trade data",https://api.oec.world/tesseract/data.jsonrecords
UZB,Uzbekistan,2011,12,Footwear and Headwear,7968984,"OEC/BACI HS6 REV. 1992, derived from international merchandise trade data",https://api.oec.world/tesseract/data.jsonrecords
UZB,Uzbekistan,2011,13,Stone And Glass,22565291,"OEC/BACI HS6 REV. 1992, derived from international merchandise trade data",https://api.oec.world/tesseract/data.jsonrecords
UZB,Uzbekistan,2011,14,Precious Metals,205174640,"OEC/BACI HS6 REV. 1992, derived from international merchandise trade data",https://api.oec.world/tesseract/data.jsonrecords
UZB,Uzbekistan,2011,15,Metals,846444512,"OEC/BACI HS6 REV. 1992, derived from international merchandise trade data",https://api.oec.world/tesseract/data.jsonrecords
UZB,Uzbekistan,2011,16,Machines,139533812,"OEC/BACI HS6 REV. 1992, derived from international merchandise trade data",https://api.oec.world/tesseract/data.jsonrecords
UZB,Uzbekistan,2011,17,Transportation,716010922,"OEC/BACI HS6 REV. 1992, derived from international merchandise trade data",https://api.oec.world/tesseract/data.jsonrecords
UZB,Uzbekistan,2011,18,Instruments,6120318,"OEC/BACI HS6 REV. 1992, derived from international merchandise trade data",https://api.oec.world/tesseract/data.jsonrecords
UZB,Uzbekistan,2011,20,Miscellaneous,8503448,"OEC/BACI HS6 REV. 1992, derived from international merchandise trade data",https://api.oec.world/tesseract/data.jsonrecords
UZB,Uzbekistan,2011,21,Arts and Antiques,1335701,"OEC/BACI HS6 REV. 1992, derived from international merchandise trade data",https://api.oec.world/tesseract/data.jsonrecords
UZB,Uzbekistan,2012,01,Animal Products,8868216,"OEC/BACI HS6 REV. 1992, derived from international merchandise trade data",https://api.oec.world/tesseract/data.jsonrecords
UZB,Uzbekistan,2012,02,Vegetable Products,514810957,"OEC/BACI HS6 REV. 1992, derived from international merchandise trade data",https://api.oec.world/tesseract/data.jsonrecords
UZB,Uzbekistan,2012,03,Animal and Vegetable Bi-Products,118465,"OEC/BACI HS6 REV. 1992, derived from international merchandise trade data",https://api.oec.world/tesseract/data.jsonrecords
UZB,Uzbekistan,2012,04,Foodstuffs,61651629,"OEC/BACI HS6 REV. 1992, derived from international merchandise trade data",https://api.oec.world/tesseract/data.jsonrecords
UZB,Uzbekistan,2012,05,Mineral Products,403088373,"OEC/BACI HS6 REV. 1992, derived from international merchandise trade data",https://api.oec.world/tesseract/data.jsonrecords
UZB,Uzbekistan,2012,06,Chemical Products,573389828,"OEC/BACI HS6 REV. 1992, derived from international merchandise trade data",https://api.oec.world/tesseract/data.jsonrecords
UZB,Uzbekistan,2012,07,Plastics and Rubbers,62779939,"OEC/BACI HS6 REV. 1992, derived from international merchandise trade data",https://api.oec.world/tesseract/data.jsonrecords
UZB,Uzbekistan,2012,08,Animal Hides,22214354,"OEC/BACI HS6 REV. 1992, derived from international merchandise trade data",https://api.oec.world/tesseract/data.jsonrecords
UZB,Uzbekistan,2012,09,Wood Products,1649025,"OEC/BACI HS6 REV. 1992, derived from international merchandise trade data",https://api.oec.world/tesseract/data.jsonrecords
UZB,Uzbekistan,2012,10,Paper Goods,17115714,"OEC/BACI HS6 REV. 1992, derived from international merchandise trade data",https://api.oec.world/tesseract/data.jsonrecords
UZB,Uzbekistan,2012,11,Textiles,1737845265,"OEC/BACI HS6 REV. 1992, derived from international merchandise trade data",https://api.oec.world/tesseract/data.jsonrecords
UZB,Uzbekistan,2012,12,Footwear and Headwear,9725441,"OEC/BACI HS6 REV. 1992, derived from international merchandise trade data",https://api.oec.world/tesseract/data.jsonrecords
UZB,Uzbekistan,2012,13,Stone And Glass,34514151,"OEC/BACI HS6 REV. 1992, derived from international merchandise trade data",https://api.oec.world/tesseract/data.jsonrecords
UZB,Uzbekistan,2012,14,Precious Metals,696244774.0000001,"OEC/BACI HS6 REV. 1992, derived from international merchandise trade data",https://api.oec.world/tesseract/data.jsonrecords
UZB,Uzbekistan,2012,15,Metals,772277730,"OEC/BACI HS6 REV. 1992, derived from international merchandise trade data",https://api.oec.world/tesseract/data.jsonrecords
UZB,Uzbekistan,2012,16,Machines,115210099,"OEC/BACI HS6 REV. 1992, derived from international merchandise trade data",https://api.oec.world/tesseract/data.jsonrecords
UZB,Uzbekistan,2012,17,Transportation,741474182,"OEC/BACI HS6 REV. 1992, derived from international merchandise trade data",https://api.oec.world/tesseract/data.jsonrecords
UZB,Uzbekistan,2012,18,Instruments,11106271,"OEC/BACI HS6 REV. 1992, derived from international merchandise trade data",https://api.oec.world/tesseract/data.jsonrecords
UZB,Uzbekistan,2012,19,Weapons,41633.99999999999,"OEC/BACI HS6 REV. 1992, derived from international merchandise trade data",https://api.oec.world/tesseract/data.jsonrecords
UZB,Uzbekistan,2012,20,Miscellaneous,10264042,"OEC/BACI HS6 REV. 1992, derived from international merchandise trade data",https://api.oec.world/tesseract/data.jsonrecords
UZB,Uzbekistan,2012,21,Arts and Antiques,1230454,"OEC/BACI HS6 REV. 1992, derived from international merchandise trade data",https://api.oec.world/tesseract/data.jsonrecords
UZB,Uzbekistan,2013,01,Animal Products,11612411,"OEC/BACI HS6 REV. 1992, derived from international merchandise trade data",https://api.oec.world/tesseract/data.jsonrecords
UZB,Uzbekistan,2013,02,Vegetable Products,647165755,"OEC/BACI HS6 REV. 1992, derived from international merchandise trade data",https://api.oec.world/tesseract/data.jsonrecords
UZB,Uzbekistan,2013,03,Animal and Vegetable Bi-Products,118735,"OEC/BACI HS6 REV. 1992, derived from international merchandise trade data",https://api.oec.world/tesseract/data.jsonrecords
UZB,Uzbekistan,2013,04,Foodstuffs,62574275,"OEC/BACI HS6 REV. 1992, derived from international merchandise trade data",https://api.oec.world/tesseract/data.jsonrecords
UZB,Uzbekistan,2013,05,Mineral Products,1332810868,"OEC/BACI HS6 REV. 1992, derived from international merchandise trade data",https://api.oec.world/tesseract/data.jsonrecords
UZB,Uzbekistan,2013,06,Chemical Products,670247623,"OEC/BACI HS6 REV. 1992, derived from international merchandise trade data",https://api.oec.world/tesseract/data.jsonrecords
UZB,Uzbekistan,2013,07,Plastics and Rubbers,56371510,"OEC/BACI HS6 REV. 1992, derived from international merchandise trade data",https://api.oec.world/tesseract/data.jsonrecords
UZB,Uzbekistan,2013,08,Animal Hides,22925382,"OEC/BACI HS6 REV. 1992, derived from international merchandise trade data",https://api.oec.world/tesseract/data.jsonrecords
UZB,Uzbekistan,2013,09,Wood Products,1489558,"OEC/BACI HS6 REV. 1992, derived from international merchandise trade data",https://api.oec.world/tesseract/data.jsonrecords
UZB,Uzbekistan,2013,10,Paper Goods,14927902,"OEC/BACI HS6 REV. 1992, derived from international merchandise trade data",https://api.oec.world/tesseract/data.jsonrecords
UZB,Uzbekistan,2013,11,Textiles,1788862981,"OEC/BACI HS6 REV. 1992, derived from international merchandise trade data",https://api.oec.world/tesseract/data.jsonrecords
UZB,Uzbekistan,2013,12,Footwear and Headwear,10191532,"OEC/BACI HS6 REV. 1992, derived from international merchandise trade data",https://api.oec.world/tesseract/data.jsonrecords
UZB,Uzbekistan,2013,13,Stone And Glass,40414878,"OEC/BACI HS6 REV. 1992, derived from international merchandise trade data",https://api.oec.world/tesseract/data.jsonrecords
UZB,Uzbekistan,2013,14,Precious Metals,1809188265,"OEC/BACI HS6 REV. 1992, derived from international merchandise trade data",https://api.oec.world/tesseract/data.jsonrecords
UZB,Uzbekistan,2013,15,Metals,764268155,"OEC/BACI HS6 REV. 1992, derived from international merchandise trade data",https://api.oec.world/tesseract/data.jsonrecords
UZB,Uzbekistan,2013,16,Machines,134628528,"OEC/BACI HS6 REV. 1992, derived from international merchandise trade data",https://api.oec.world/tesseract/data.jsonrecords
UZB,Uzbekistan,2013,17,Transportation,678970682.9999999,"OEC/BACI HS6 REV. 1992, derived from international merchandise trade data",https://api.oec.world/tesseract/data.jsonrecords
UZB,Uzbekistan,2013,18,Instruments,10024885,"OEC/BACI HS6 REV. 1992, derived from international merchandise trade data",https://api.oec.world/tesseract/data.jsonrecords
UZB,Uzbekistan,2013,20,Miscellaneous,8710111,"OEC/BACI HS6 REV. 1992, derived from international merchandise trade data",https://api.oec.world/tesseract/data.jsonrecords
UZB,Uzbekistan,2013,21,Arts and Antiques,2815188,"OEC/BACI HS6 REV. 1992, derived from international merchandise trade data",https://api.oec.world/tesseract/data.jsonrecords
UZB,Uzbekistan,2014,01,Animal Products,10028230,"OEC/BACI HS6 REV. 1992, derived from international merchandise trade data",https://api.oec.world/tesseract/data.jsonrecords
UZB,Uzbekistan,2014,02,Vegetable Products,609223524,"OEC/BACI HS6 REV. 1992, derived from international merchandise trade data",https://api.oec.world/tesseract/data.jsonrecords
UZB,Uzbekistan,2014,03,Animal and Vegetable Bi-Products,125888,"OEC/BACI HS6 REV. 1992, derived from international merchandise trade data",https://api.oec.world/tesseract/data.jsonrecords
UZB,Uzbekistan,2014,04,Foodstuffs,57239506,"OEC/BACI HS6 REV. 1992, derived from international merchandise trade data",https://api.oec.world/tesseract/data.jsonrecords
UZB,Uzbekistan,2014,05,Mineral Products,1078099551,"OEC/BACI HS6 REV. 1992, derived from international merchandise trade data",https://api.oec.world/tesseract/data.jsonrecords
UZB,Uzbekistan,2014,06,Chemical Products,532898511,"OEC/BACI HS6 REV. 1992, derived from international merchandise trade data",https://api.oec.world/tesseract/data.jsonrecords
UZB,Uzbekistan,2014,07,Plastics and Rubbers,52855744,"OEC/BACI HS6 REV. 1992, derived from international merchandise trade data",https://api.oec.world/tesseract/data.jsonrecords
UZB,Uzbekistan,2014,08,Animal Hides,19824435,"OEC/BACI HS6 REV. 1992, derived from international merchandise trade data",https://api.oec.world/tesseract/data.jsonrecords
UZB,Uzbekistan,2014,09,Wood Products,1323039,"OEC/BACI HS6 REV. 1992, derived from international merchandise trade data",https://api.oec.world/tesseract/data.jsonrecords
UZB,Uzbekistan,2014,10,Paper Goods,16661972,"OEC/BACI HS6 REV. 1992, derived from international merchandise trade data",https://api.oec.world/tesseract/data.jsonrecords
UZB,Uzbekistan,2014,11,Textiles,1255320832,"OEC/BACI HS6 REV. 1992, derived from international merchandise trade data",https://api.oec.world/tesseract/data.jsonrecords
UZB,Uzbekistan,2014,12,Footwear and Headwear,10208949,"OEC/BACI HS6 REV. 1992, derived from international merchandise trade data",https://api.oec.world/tesseract/data.jsonrecords
UZB,Uzbekistan,2014,13,Stone And Glass,37881020,"OEC/BACI HS6 REV. 1992, derived from international merchandise trade data",https://api.oec.world/tesseract/data.jsonrecords
UZB,Uzbekistan,2014,14,Precious Metals,1446776762,"OEC/BACI HS6 REV. 1992, derived from international merchandise trade data",https://api.oec.world/tesseract/data.jsonrecords
UZB,Uzbekistan,2014,15,Metals,822686253,"OEC/BACI HS6 REV. 1992, derived from international merchandise trade data",https://api.oec.world/tesseract/data.jsonrecords
UZB,Uzbekistan,2014,16,Machines,98173570,"OEC/BACI HS6 REV. 1992, derived from international merchandise trade data",https://api.oec.world/tesseract/data.jsonrecords
UZB,Uzbekistan,2014,17,Transportation,476027688,"OEC/BACI HS6 REV. 1992, derived from international merchandise trade data",https://api.oec.world/tesseract/data.jsonrecords
UZB,Uzbekistan,2014,18,Instruments,6316481,"OEC/BACI HS6 REV. 1992, derived from international merchandise trade data",https://api.oec.world/tesseract/data.jsonrecords
UZB,Uzbekistan,2014,19,Weapons,529,"OEC/BACI HS6 REV. 1992, derived from international merchandise trade data",https://api.oec.world/tesseract/data.jsonrecords
UZB,Uzbekistan,2014,20,Miscellaneous,7153924,"OEC/BACI HS6 REV. 1992, derived from international merchandise trade data",https://api.oec.world/tesseract/data.jsonrecords
UZB,Uzbekistan,2014,21,Arts and Antiques,1337983,"OEC/BACI HS6 REV. 1992, derived from international merchandise trade data",https://api.oec.world/tesseract/data.jsonrecords
UZB,Uzbekistan,2015,01,Animal Products,10028486,"OEC/BACI HS6 REV. 1992, derived from international merchandise trade data",https://api.oec.world/tesseract/data.jsonrecords
UZB,Uzbekistan,2015,02,Vegetable Products,529853693,"OEC/BACI HS6 REV. 1992, derived from international merchandise trade data",https://api.oec.world/tesseract/data.jsonrecords
UZB,Uzbekistan,2015,03,Animal and Vegetable Bi-Products,155751,"OEC/BACI HS6 REV. 1992, derived from international merchandise trade data",https://api.oec.world/tesseract/data.jsonrecords
UZB,Uzbekistan,2015,04,Foodstuffs,43773153,"OEC/BACI HS6 REV. 1992, derived from international merchandise trade data",https://api.oec.world/tesseract/data.jsonrecords
UZB,Uzbekistan,2015,05,Mineral Products,676339865,"OEC/BACI HS6 REV. 1992, derived from international merchandise trade data",https://api.oec.world/tesseract/data.jsonrecords
UZB,Uzbekistan,2015,06,Chemical Products,636112701,"OEC/BACI HS6 REV. 1992, derived from international merchandise trade data",https://api.oec.world/tesseract/data.jsonrecords
UZB,Uzbekistan,2015,07,Plastics and Rubbers,46232594,"OEC/BACI HS6 REV. 1992, derived from international merchandise trade data",https://api.oec.world/tesseract/data.jsonrecords
UZB,Uzbekistan,2015,08,Animal Hides,23211346,"OEC/BACI HS6 REV. 1992, derived from international merchandise trade data",https://api.oec.world/tesseract/data.jsonrecords
UZB,Uzbekistan,2015,09,Wood Products,1205752,"OEC/BACI HS6 REV. 1992, derived from international merchandise trade data",https://api.oec.world/tesseract/data.jsonrecords
UZB,Uzbekistan,2015,10,Paper Goods,21046732,"OEC/BACI HS6 REV. 1992, derived from international merchandise trade data",https://api.oec.world/tesseract/data.jsonrecords
UZB,Uzbekistan,2015,11,Textiles,1411920597,"OEC/BACI HS6 REV. 1992, derived from international merchandise trade data",https://api.oec.world/tesseract/data.jsonrecords
UZB,Uzbekistan,2015,12,Footwear and Headwear,10975327,"OEC/BACI HS6 REV. 1992, derived from international merchandise trade data",https://api.oec.world/tesseract/data.jsonrecords
UZB,Uzbekistan,2015,13,Stone And Glass,15491196,"OEC/BACI HS6 REV. 1992, derived from international merchandise trade data",https://api.oec.world/tesseract/data.jsonrecords
UZB,Uzbekistan,2015,14,Precious Metals,1921188603,"OEC/BACI HS6 REV. 1992, derived from international merchandise trade data",https://api.oec.world/tesseract/data.jsonrecords
UZB,Uzbekistan,2015,15,Metals,720240547,"OEC/BACI HS6 REV. 1992, derived from international merchandise trade data",https://api.oec.world/tesseract/data.jsonrecords
UZB,Uzbekistan,2015,16,Machines,50531520,"OEC/BACI HS6 REV. 1992, derived from international merchandise trade data",https://api.oec.world/tesseract/data.jsonrecords
UZB,Uzbekistan,2015,17,Transportation,56739455,"OEC/BACI HS6 REV. 1992, derived from international merchandise trade data",https://api.oec.world/tesseract/data.jsonrecords
UZB,Uzbekistan,2015,18,Instruments,115445345,"OEC/BACI HS6 REV. 1992, derived from international merchandise trade data",https://api.oec.world/tesseract/data.jsonrecords
UZB,Uzbekistan,2015,20,Miscellaneous,5284908,"OEC/BACI HS6 REV. 1992, derived from international merchandise trade data",https://api.oec.world/tesseract/data.jsonrecords
UZB,Uzbekistan,2015,21,Arts and Antiques,2189581,"OEC/BACI HS6 REV. 1992, derived from international merchandise trade data",https://api.oec.world/tesseract/data.jsonrecords
UZB,Uzbekistan,2016,01,Animal Products,16427730,"OEC/BACI HS6 REV. 1992, derived from international merchandise trade data",https://api.oec.world/tesseract/data.jsonrecords
UZB,Uzbekistan,2016,02,Vegetable Products,699910213,"OEC/BACI HS6 REV. 1992, derived from international merchandise trade data",https://api.oec.world/tesseract/data.jsonrecords
UZB,Uzbekistan,2016,03,Animal and Vegetable Bi-Products,467323,"OEC/BACI HS6 REV. 1992, derived from international merchandise trade data",https://api.oec.world/tesseract/data.jsonrecords
UZB,Uzbekistan,2016,04,Foodstuffs,54298798,"OEC/BACI HS6 REV. 1992, derived from international merchandise trade data",https://api.oec.world/tesseract/data.jsonrecords
UZB,Uzbekistan,2016,05,Mineral Products,845703900,"OEC/BACI HS6 REV. 1992, derived from international merchandise trade data",https://api.oec.world/tesseract/data.jsonrecords
UZB,Uzbekistan,2016,06,Chemical Products,455784579,"OEC/BACI HS6 REV. 1992, derived from international merchandise trade data",https://api.oec.world/tesseract/data.jsonrecords
UZB,Uzbekistan,2016,07,Plastics and Rubbers,432265271,"OEC/BACI HS6 REV. 1992, derived from international merchandise trade data",https://api.oec.world/tesseract/data.jsonrecords
UZB,Uzbekistan,2016,08,Animal Hides,30702115.000000004,"OEC/BACI HS6 REV. 1992, derived from international merchandise trade data",https://api.oec.world/tesseract/data.jsonrecords
UZB,Uzbekistan,2016,09,Wood Products,1172497,"OEC/BACI HS6 REV. 1992, derived from international merchandise trade data",https://api.oec.world/tesseract/data.jsonrecords
UZB,Uzbekistan,2016,10,Paper Goods,20047617,"OEC/BACI HS6 REV. 1992, derived from international merchandise trade data",https://api.oec.world/tesseract/data.jsonrecords
UZB,Uzbekistan,2016,11,Textiles,1345565521,"OEC/BACI HS6 REV. 1992, derived from international merchandise trade data",https://api.oec.world/tesseract/data.jsonrecords
UZB,Uzbekistan,2016,12,Footwear and Headwear,14922060,"OEC/BACI HS6 REV. 1992, derived from international merchandise trade data",https://api.oec.world/tesseract/data.jsonrecords
UZB,Uzbekistan,2016,13,Stone And Glass,10988862,"OEC/BACI HS6 REV. 1992, derived from international merchandise trade data",https://api.oec.world/tesseract/data.jsonrecords
UZB,Uzbekistan,2016,14,Precious Metals,2880523432,"OEC/BACI HS6 REV. 1992, derived from international merchandise trade data",https://api.oec.world/tesseract/data.jsonrecords
UZB,Uzbekistan,2016,15,Metals,625007147,"OEC/BACI HS6 REV. 1992, derived from international merchandise trade data",https://api.oec.world/tesseract/data.jsonrecords
UZB,Uzbekistan,2016,16,Machines,62043363,"OEC/BACI HS6 REV. 1992, derived from international merchandise trade data",https://api.oec.world/tesseract/data.jsonrecords
UZB,Uzbekistan,2016,17,Transportation,33438781.000000004,"OEC/BACI HS6 REV. 1992, derived from international merchandise trade data",https://api.oec.world/tesseract/data.jsonrecords
UZB,Uzbekistan,2016,18,Instruments,145694808,"OEC/BACI HS6 REV. 1992, derived from international merchandise trade data",https://api.oec.world/tesseract/data.jsonrecords
UZB,Uzbekistan,2016,19,Weapons,126,"OEC/BACI HS6 REV. 1992, derived from international merchandise trade data",https://api.oec.world/tesseract/data.jsonrecords
UZB,Uzbekistan,2016,20,Miscellaneous,5155112,"OEC/BACI HS6 REV. 1992, derived from international merchandise trade data",https://api.oec.world/tesseract/data.jsonrecords
UZB,Uzbekistan,2016,21,Arts and Antiques,1850340,"OEC/BACI HS6 REV. 1992, derived from international merchandise trade data",https://api.oec.world/tesseract/data.jsonrecords
UZB,Uzbekistan,2017,01,Animal Products,26152954,"OEC/BACI HS6 REV. 1992, derived from international merchandise trade data",https://api.oec.world/tesseract/data.jsonrecords
UZB,Uzbekistan,2017,02,Vegetable Products,975724970,"OEC/BACI HS6 REV. 1992, derived from international merchandise trade data",https://api.oec.world/tesseract/data.jsonrecords
UZB,Uzbekistan,2017,03,Animal and Vegetable Bi-Products,743164,"OEC/BACI HS6 REV. 1992, derived from international merchandise trade data",https://api.oec.world/tesseract/data.jsonrecords
UZB,Uzbekistan,2017,04,Foodstuffs,78421566,"OEC/BACI HS6 REV. 1992, derived from international merchandise trade data",https://api.oec.world/tesseract/data.jsonrecords
UZB,Uzbekistan,2017,05,Mineral Products,1715500187,"OEC/BACI HS6 REV. 1992, derived from international merchandise trade data",https://api.oec.world/tesseract/data.jsonrecords
UZB,Uzbekistan,2017,06,Chemical Products,414734011,"OEC/BACI HS6 REV. 1992, derived from international merchandise trade data",https://api.oec.world/tesseract/data.jsonrecords
UZB,Uzbekistan,2017,07,Plastics and Rubbers,501587964,"OEC/BACI HS6 REV. 1992, derived from international merchandise trade data",https://api.oec.world/tesseract/data.jsonrecords
UZB,Uzbekistan,2017,08,Animal Hides,131279918,"OEC/BACI HS6 REV. 1992, derived from international merchandise trade data",https://api.oec.world/tesseract/data.jsonrecords
UZB,Uzbekistan,2017,09,Wood Products,2152044,"OEC/BACI HS6 REV. 1992, derived from international merchandise trade data",https://api.oec.world/tesseract/data.jsonrecords
UZB,Uzbekistan,2017,10,Paper Goods,36240672,"OEC/BACI HS6 REV. 1992, derived from international merchandise trade data",https://api.oec.world/tesseract/data.jsonrecords
UZB,Uzbekistan,2017,11,Textiles,1665840425,"OEC/BACI HS6 REV. 1992, derived from international merchandise trade data",https://api.oec.world/tesseract/data.jsonrecords
UZB,Uzbekistan,2017,12,Footwear and Headwear,17932348,"OEC/BACI HS6 REV. 1992, derived from international merchandise trade data",https://api.oec.world/tesseract/data.jsonrecords
UZB,Uzbekistan,2017,13,Stone And Glass,88605677,"OEC/BACI HS6 REV. 1992, derived from international merchandise trade data",https://api.oec.world/tesseract/data.jsonrecords
UZB,Uzbekistan,2017,14,Precious Metals,3762390914,"OEC/BACI HS6 REV. 1992, derived from international merchandise trade data",https://api.oec.world/tesseract/data.jsonrecords
UZB,Uzbekistan,2017,15,Metals,1049874042,"OEC/BACI HS6 REV. 1992, derived from international merchandise trade data",https://api.oec.world/tesseract/data.jsonrecords
UZB,Uzbekistan,2017,16,Machines,208510041,"OEC/BACI HS6 REV. 1992, derived from international merchandise trade data",https://api.oec.world/tesseract/data.jsonrecords
UZB,Uzbekistan,2017,17,Transportation,177192770,"OEC/BACI HS6 REV. 1992, derived from international merchandise trade data",https://api.oec.world/tesseract/data.jsonrecords
UZB,Uzbekistan,2017,18,Instruments,161466677,"OEC/BACI HS6 REV. 1992, derived from international merchandise trade data",https://api.oec.world/tesseract/data.jsonrecords
UZB,Uzbekistan,2017,19,Weapons,376,"OEC/BACI HS6 REV. 1992, derived from international merchandise trade data",https://api.oec.world/tesseract/data.jsonrecords
UZB,Uzbekistan,2017,20,Miscellaneous,9861633,"OEC/BACI HS6 REV. 1992, derived from international merchandise trade data",https://api.oec.world/tesseract/data.jsonrecords
UZB,Uzbekistan,2017,21,Arts and Antiques,851264,"OEC/BACI HS6 REV. 1992, derived from international merchandise trade data",https://api.oec.world/tesseract/data.jsonrecords
UZB,Uzbekistan,2018,01,Animal Products,17427240,"OEC/BACI HS6 REV. 1992, derived from international merchandise trade data",https://api.oec.world/tesseract/data.jsonrecords
UZB,Uzbekistan,2018,02,Vegetable Products,1128241625,"OEC/BACI HS6 REV. 1992, derived from international merchandise trade data",https://api.oec.world/tesseract/data.jsonrecords
UZB,Uzbekistan,2018,03,Animal and Vegetable Bi-Products,2209194,"OEC/BACI HS6 REV. 1992, derived from international merchandise trade data",https://api.oec.world/tesseract/data.jsonrecords
UZB,Uzbekistan,2018,04,Foodstuffs,76169491,"OEC/BACI HS6 REV. 1992, derived from international merchandise trade data",https://api.oec.world/tesseract/data.jsonrecords
UZB,Uzbekistan,2018,05,Mineral Products,2751123878,"OEC/BACI HS6 REV. 1992, derived from international merchandise trade data",https://api.oec.world/tesseract/data.jsonrecords
UZB,Uzbekistan,2018,06,Chemical Products,364319364,"OEC/BACI HS6 REV. 1992, derived from international merchandise trade data",https://api.oec.world/tesseract/data.jsonrecords
UZB,Uzbekistan,2018,07,Plastics and Rubbers,490496020,"OEC/BACI HS6 REV. 1992, derived from international merchandise trade data",https://api.oec.world/tesseract/data.jsonrecords
UZB,Uzbekistan,2018,08,Animal Hides,125157960,"OEC/BACI HS6 REV. 1992, derived from international merchandise trade data",https://api.oec.world/tesseract/data.jsonrecords
UZB,Uzbekistan,2018,09,Wood Products,3951323,"OEC/BACI HS6 REV. 1992, derived from international merchandise trade data",https://api.oec.world/tesseract/data.jsonrecords
UZB,Uzbekistan,2018,10,Paper Goods,41392607,"OEC/BACI HS6 REV. 1992, derived from international merchandise trade data",https://api.oec.world/tesseract/data.jsonrecords
UZB,Uzbekistan,2018,11,Textiles,1574711285,"OEC/BACI HS6 REV. 1992, derived from international merchandise trade data",https://api.oec.world/tesseract/data.jsonrecords
UZB,Uzbekistan,2018,12,Footwear and Headwear,15366065,"OEC/BACI HS6 REV. 1992, derived from international merchandise trade data",https://api.oec.world/tesseract/data.jsonrecords
UZB,Uzbekistan,2018,13,Stone And Glass,30265333,"OEC/BACI HS6 REV. 1992, derived from international merchandise trade data",https://api.oec.world/tesseract/data.jsonrecords
UZB,Uzbekistan,2018,14,Precious Metals,2582519316.0000005,"OEC/BACI HS6 REV. 1992, derived from international merchandise trade data",https://api.oec.world/tesseract/data.jsonrecords
UZB,Uzbekistan,2018,15,Metals,1221246395,"OEC/BACI HS6 REV. 1992, derived from international merchandise trade data",https://api.oec.world/tesseract/data.jsonrecords
UZB,Uzbekistan,2018,16,Machines,139067549,"OEC/BACI HS6 REV. 1992, derived from international merchandise trade data",https://api.oec.world/tesseract/data.jsonrecords
UZB,Uzbekistan,2018,17,Transportation,82598708,"OEC/BACI HS6 REV. 1992, derived from international merchandise trade data",https://api.oec.world/tesseract/data.jsonrecords
UZB,Uzbekistan,2018,18,Instruments,175504120,"OEC/BACI HS6 REV. 1992, derived from international merchandise trade data",https://api.oec.world/tesseract/data.jsonrecords
UZB,Uzbekistan,2018,19,Weapons,300,"OEC/BACI HS6 REV. 1992, derived from international merchandise trade data",https://api.oec.world/tesseract/data.jsonrecords
UZB,Uzbekistan,2018,20,Miscellaneous,9936920,"OEC/BACI HS6 REV. 1992, derived from international merchandise trade data",https://api.oec.world/tesseract/data.jsonrecords
UZB,Uzbekistan,2018,21,Arts and Antiques,958203,"OEC/BACI HS6 REV. 1992, derived from international merchandise trade data",https://api.oec.world/tesseract/data.jsonrecords
UZB,Uzbekistan,2019,01,Animal Products,17950216,"OEC/BACI HS6 REV. 1992, derived from international merchandise trade data",https://api.oec.world/tesseract/data.jsonrecords
UZB,Uzbekistan,2019,02,Vegetable Products,1465126398,"OEC/BACI HS6 REV. 1992, derived from international merchandise trade data",https://api.oec.world/tesseract/data.jsonrecords
UZB,Uzbekistan,2019,03,Animal and Vegetable Bi-Products,19555299,"OEC/BACI HS6 REV. 1992, derived from international merchandise trade data",https://api.oec.world/tesseract/data.jsonrecords
UZB,Uzbekistan,2019,04,Foodstuffs,114687456,"OEC/BACI HS6 REV. 1992, derived from international merchandise trade data",https://api.oec.world/tesseract/data.jsonrecords
UZB,Uzbekistan,2019,05,Mineral Products,2605641116,"OEC/BACI HS6 REV. 1992, derived from international merchandise trade data",https://api.oec.world/tesseract/data.jsonrecords
UZB,Uzbekistan,2019,06,Chemical Products,379306942,"OEC/BACI HS6 REV. 1992, derived from international merchandise trade data",https://api.oec.world/tesseract/data.jsonrecords
UZB,Uzbekistan,2019,07,Plastics and Rubbers,417503812,"OEC/BACI HS6 REV. 1992, derived from international merchandise trade data",https://api.oec.world/tesseract/data.jsonrecords
UZB,Uzbekistan,2019,08,Animal Hides,52739823,"OEC/BACI HS6 REV. 1992, derived from international merchandise trade data",https://api.oec.world/tesseract/data.jsonrecords
UZB,Uzbekistan,2019,09,Wood Products,2631651,"OEC/BACI HS6 REV. 1992, derived from international merchandise trade data",https://api.oec.world/tesseract/data.jsonrecords
UZB,Uzbekistan,2019,10,Paper Goods,41568749,"OEC/BACI HS6 REV. 1992, derived from international merchandise trade data",https://api.oec.world/tesseract/data.jsonrecords
UZB,Uzbekistan,2019,11,Textiles,1973510494,"OEC/BACI HS6 REV. 1992, derived from international merchandise trade data",https://api.oec.world/tesseract/data.jsonrecords
UZB,Uzbekistan,2019,12,Footwear and Headwear,36972513,"OEC/BACI HS6 REV. 1992, derived from international merchandise trade data",https://api.oec.world/tesseract/data.jsonrecords
UZB,Uzbekistan,2019,13,Stone And Glass,47022086,"OEC/BACI HS6 REV. 1992, derived from international merchandise trade data",https://api.oec.world/tesseract/data.jsonrecords
UZB,Uzbekistan,2019,14,Precious Metals,5418552299,"OEC/BACI HS6 REV. 1992, derived from international merchandise trade data",https://api.oec.world/tesseract/data.jsonrecords
UZB,Uzbekistan,2019,15,Metals,1168389515,"OEC/BACI HS6 REV. 1992, derived from international merchandise trade data",https://api.oec.world/tesseract/data.jsonrecords
UZB,Uzbekistan,2019,16,Machines,205820698,"OEC/BACI HS6 REV. 1992, derived from international merchandise trade data",https://api.oec.world/tesseract/data.jsonrecords
UZB,Uzbekistan,2019,17,Transportation,193410168,"OEC/BACI HS6 REV. 1992, derived from international merchandise trade data",https://api.oec.world/tesseract/data.jsonrecords
UZB,Uzbekistan,2019,18,Instruments,109669388,"OEC/BACI HS6 REV. 1992, derived from international merchandise trade data",https://api.oec.world/tesseract/data.jsonrecords
UZB,Uzbekistan,2019,19,Weapons,335074,"OEC/BACI HS6 REV. 1992, derived from international merchandise trade data",https://api.oec.world/tesseract/data.jsonrecords
UZB,Uzbekistan,2019,20,Miscellaneous,14073916,"OEC/BACI HS6 REV. 1992, derived from international merchandise trade data",https://api.oec.world/tesseract/data.jsonrecords
UZB,Uzbekistan,2019,21,Arts and Antiques,682143,"OEC/BACI HS6 REV. 1992, derived from international merchandise trade data",https://api.oec.world/tesseract/data.jsonrecords
UZB,Uzbekistan,2020,01,Animal Products,26498579,"OEC/BACI HS6 REV. 1992, derived from international merchandise trade data",https://api.oec.world/tesseract/data.jsonrecords
UZB,Uzbekistan,2020,02,Vegetable Products,1389474460,"OEC/BACI HS6 REV. 1992, derived from international merchandise trade data",https://api.oec.world/tesseract/data.jsonrecords
UZB,Uzbekistan,2020,03,Animal and Vegetable Bi-Products,31390438,"OEC/BACI HS6 REV. 1992, derived from international merchandise trade data",https://api.oec.world/tesseract/data.jsonrecords
UZB,Uzbekistan,2020,04,Foodstuffs,111171376,"OEC/BACI HS6 REV. 1992, derived from international merchandise trade data",https://api.oec.world/tesseract/data.jsonrecords
UZB,Uzbekistan,2020,05,Mineral Products,931983791,"OEC/BACI HS6 REV. 1992, derived from international merchandise trade data",https://api.oec.world/tesseract/data.jsonrecords
UZB,Uzbekistan,2020,06,Chemical Products,460536256,"OEC/BACI HS6 REV. 1992, derived from international merchandise trade data",https://api.oec.world/tesseract/data.jsonrecords
UZB,Uzbekistan,2020,07,Plastics and Rubbers,341131240,"OEC/BACI HS6 REV. 1992, derived from international merchandise trade data",https://api.oec.world/tesseract/data.jsonrecords
UZB,Uzbekistan,2020,08,Animal Hides,35828917,"OEC/BACI HS6 REV. 1992, derived from international merchandise trade data",https://api.oec.world/tesseract/data.jsonrecords
UZB,Uzbekistan,2020,09,Wood Products,5937915,"OEC/BACI HS6 REV. 1992, derived from international merchandise trade data",https://api.oec.world/tesseract/data.jsonrecords
UZB,Uzbekistan,2020,10,Paper Goods,41689738,"OEC/BACI HS6 REV. 1992, derived from international merchandise trade data",https://api.oec.world/tesseract/data.jsonrecords
UZB,Uzbekistan,2020,11,Textiles,2135167106,"OEC/BACI HS6 REV. 1992, derived from international merchandise trade data",https://api.oec.world/tesseract/data.jsonrecords
UZB,Uzbekistan,2020,12,Footwear and Headwear,39283417,"OEC/BACI HS6 REV. 1992, derived from international merchandise trade data",https://api.oec.world/tesseract/data.jsonrecords
UZB,Uzbekistan,2020,13,Stone And Glass,69468021,"OEC/BACI HS6 REV. 1992, derived from international merchandise trade data",https://api.oec.world/tesseract/data.jsonrecords
UZB,Uzbekistan,2020,14,Precious Metals,6651319849,"OEC/BACI HS6 REV. 1992, derived from international merchandise trade data",https://api.oec.world/tesseract/data.jsonrecords
UZB,Uzbekistan,2020,15,Metals,1121882928,"OEC/BACI HS6 REV. 1992, derived from international merchandise trade data",https://api.oec.world/tesseract/data.jsonrecords
UZB,Uzbekistan,2020,16,Machines,241565990,"OEC/BACI HS6 REV. 1992, derived from international merchandise trade data",https://api.oec.world/tesseract/data.jsonrecords
UZB,Uzbekistan,2020,17,Transportation,225595793,"OEC/BACI HS6 REV. 1992, derived from international merchandise trade data",https://api.oec.world/tesseract/data.jsonrecords
UZB,Uzbekistan,2020,18,Instruments,9868767,"OEC/BACI HS6 REV. 1992, derived from international merchandise trade data",https://api.oec.world/tesseract/data.jsonrecords
UZB,Uzbekistan,2020,19,Weapons,747,"OEC/BACI HS6 REV. 1992, derived from international merchandise trade data",https://api.oec.world/tesseract/data.jsonrecords
UZB,Uzbekistan,2020,20,Miscellaneous,27335774,"OEC/BACI HS6 REV. 1992, derived from international merchandise trade data",https://api.oec.world/tesseract/data.jsonrecords
UZB,Uzbekistan,2020,21,Arts and Antiques,317883,"OEC/BACI HS6 REV. 1992, derived from international merchandise trade data",https://api.oec.world/tesseract/data.jsonrecords
UZB,Uzbekistan,2021,01,Animal Products,40212683,"OEC/BACI HS6 REV. 1992, derived from international merchandise trade data",https://api.oec.world/tesseract/data.jsonrecords
UZB,Uzbekistan,2021,02,Vegetable Products,1355895478,"OEC/BACI HS6 REV. 1992, derived from international merchandise trade data",https://api.oec.world/tesseract/data.jsonrecords
UZB,Uzbekistan,2021,03,Animal and Vegetable Bi-Products,6602321,"OEC/BACI HS6 REV. 1992, derived from international merchandise trade data",https://api.oec.world/tesseract/data.jsonrecords
UZB,Uzbekistan,2021,04,Foodstuffs,150137161,"OEC/BACI HS6 REV. 1992, derived from international merchandise trade data",https://api.oec.world/tesseract/data.jsonrecords
UZB,Uzbekistan,2021,05,Mineral Products,1085271665,"OEC/BACI HS6 REV. 1992, derived from international merchandise trade data",https://api.oec.world/tesseract/data.jsonrecords
UZB,Uzbekistan,2021,06,Chemical Products,924782216,"OEC/BACI HS6 REV. 1992, derived from international merchandise trade data",https://api.oec.world/tesseract/data.jsonrecords
UZB,Uzbekistan,2021,07,Plastics and Rubbers,459886011,"OEC/BACI HS6 REV. 1992, derived from international merchandise trade data",https://api.oec.world/tesseract/data.jsonrecords
UZB,Uzbekistan,2021,08,Animal Hides,45977061.99999999,"OEC/BACI HS6 REV. 1992, derived from international merchandise trade data",https://api.oec.world/tesseract/data.jsonrecords
UZB,Uzbekistan,2021,09,Wood Products,16624873,"OEC/BACI HS6 REV. 1992, derived from international merchandise trade data",https://api.oec.world/tesseract/data.jsonrecords
UZB,Uzbekistan,2021,10,Paper Goods,63812788,"OEC/BACI HS6 REV. 1992, derived from international merchandise trade data",https://api.oec.world/tesseract/data.jsonrecords
UZB,Uzbekistan,2021,11,Textiles,3189205906,"OEC/BACI HS6 REV. 1992, derived from international merchandise trade data",https://api.oec.world/tesseract/data.jsonrecords
UZB,Uzbekistan,2021,12,Footwear and Headwear,41308185,"OEC/BACI HS6 REV. 1992, derived from international merchandise trade data",https://api.oec.world/tesseract/data.jsonrecords
UZB,Uzbekistan,2021,13,Stone And Glass,134735926,"OEC/BACI HS6 REV. 1992, derived from international merchandise trade data",https://api.oec.world/tesseract/data.jsonrecords
UZB,Uzbekistan,2021,14,Precious Metals,4736649406,"OEC/BACI HS6 REV. 1992, derived from international merchandise trade data",https://api.oec.world/tesseract/data.jsonrecords
UZB,Uzbekistan,2021,15,Metals,1750583229,"OEC/BACI HS6 REV. 1992, derived from international merchandise trade data",https://api.oec.world/tesseract/data.jsonrecords
UZB,Uzbekistan,2021,16,Machines,303300344,"OEC/BACI HS6 REV. 1992, derived from international merchandise trade data",https://api.oec.world/tesseract/data.jsonrecords
UZB,Uzbekistan,2021,17,Transportation,406644092,"OEC/BACI HS6 REV. 1992, derived from international merchandise trade data",https://api.oec.world/tesseract/data.jsonrecords
UZB,Uzbekistan,2021,18,Instruments,10621076,"OEC/BACI HS6 REV. 1992, derived from international merchandise trade data",https://api.oec.world/tesseract/data.jsonrecords
UZB,Uzbekistan,2021,19,Weapons,2440834,"OEC/BACI HS6 REV. 1992, derived from international merchandise trade data",https://api.oec.world/tesseract/data.jsonrecords
UZB,Uzbekistan,2021,20,Miscellaneous,29184110,"OEC/BACI HS6 REV. 1992, derived from international merchandise trade data",https://api.oec.world/tesseract/data.jsonrecords
UZB,Uzbekistan,2021,21,Arts and Antiques,644838,"OEC/BACI HS6 REV. 1992, derived from international merchandise trade data",https://api.oec.world/tesseract/data.jsonrecords
UZB,Uzbekistan,2022,01,Animal Products,53673563,"OEC/BACI HS6 REV. 1992, derived from international merchandise trade data",https://api.oec.world/tesseract/data.jsonrecords
UZB,Uzbekistan,2022,02,Vegetable Products,1502417006,"OEC/BACI HS6 REV. 1992, derived from international merchandise trade data",https://api.oec.world/tesseract/data.jsonrecords
UZB,Uzbekistan,2022,03,Animal and Vegetable Bi-Products,35432152,"OEC/BACI HS6 REV. 1992, derived from international merchandise trade data",https://api.oec.world/tesseract/data.jsonrecords
UZB,Uzbekistan,2022,04,Foodstuffs,243252768,"OEC/BACI HS6 REV. 1992, derived from international merchandise trade data",https://api.oec.world/tesseract/data.jsonrecords
UZB,Uzbekistan,2022,05,Mineral Products,1504264127,"OEC/BACI HS6 REV. 1992, derived from international merchandise trade data",https://api.oec.world/tesseract/data.jsonrecords
UZB,Uzbekistan,2022,06,Chemical Products,976581698,"OEC/BACI HS6 REV. 1992, derived from international merchandise trade data",https://api.oec.world/tesseract/data.jsonrecords
UZB,Uzbekistan,2022,07,Plastics and Rubbers,441855882,"OEC/BACI HS6 REV. 1992, derived from international merchandise trade data",https://api.oec.world/tesseract/data.jsonrecords
UZB,Uzbekistan,2022,08,Animal Hides,48022493,"OEC/BACI HS6 REV. 1992, derived from international merchandise trade data",https://api.oec.world/tesseract/data.jsonrecords
UZB,Uzbekistan,2022,09,Wood Products,24096893,"OEC/BACI HS6 REV. 1992, derived from international merchandise trade data",https://api.oec.world/tesseract/data.jsonrecords
UZB,Uzbekistan,2022,10,Paper Goods,137041804,"OEC/BACI HS6 REV. 1992, derived from international merchandise trade data",https://api.oec.world/tesseract/data.jsonrecords
UZB,Uzbekistan,2022,11,Textiles,3320520397,"OEC/BACI HS6 REV. 1992, derived from international merchandise trade data",https://api.oec.world/tesseract/data.jsonrecords
UZB,Uzbekistan,2022,12,Footwear and Headwear,51859296,"OEC/BACI HS6 REV. 1992, derived from international merchandise trade data",https://api.oec.world/tesseract/data.jsonrecords
UZB,Uzbekistan,2022,13,Stone And Glass,176437949,"OEC/BACI HS6 REV. 1992, derived from international merchandise trade data",https://api.oec.world/tesseract/data.jsonrecords
UZB,Uzbekistan,2022,14,Precious Metals,5538765670,"OEC/BACI HS6 REV. 1992, derived from international merchandise trade data",https://api.oec.world/tesseract/data.jsonrecords
UZB,Uzbekistan,2022,15,Metals,1852307636,"OEC/BACI HS6 REV. 1992, derived from international merchandise trade data",https://api.oec.world/tesseract/data.jsonrecords
UZB,Uzbekistan,2022,16,Machines,650810698,"OEC/BACI HS6 REV. 1992, derived from international merchandise trade data",https://api.oec.world/tesseract/data.jsonrecords
UZB,Uzbekistan,2022,17,Transportation,379418052,"OEC/BACI HS6 REV. 1992, derived from international merchandise trade data",https://api.oec.world/tesseract/data.jsonrecords
UZB,Uzbekistan,2022,18,Instruments,15000704,"OEC/BACI HS6 REV. 1992, derived from international merchandise trade data",https://api.oec.world/tesseract/data.jsonrecords
UZB,Uzbekistan,2022,19,Weapons,952191,"OEC/BACI HS6 REV. 1992, derived from international merchandise trade data",https://api.oec.world/tesseract/data.jsonrecords
UZB,Uzbekistan,2022,20,Miscellaneous,37923634,"OEC/BACI HS6 REV. 1992, derived from international merchandise trade data",https://api.oec.world/tesseract/data.jsonrecords
UZB,Uzbekistan,2022,21,Arts and Antiques,401198,"OEC/BACI HS6 REV. 1992, derived from international merchandise trade data",https://api.oec.world/tesseract/data.jsonrecords
UZB,Uzbekistan,2023,01,Animal Products,38709723,"OEC/BACI HS6 REV. 1992, derived from international merchandise trade data",https://api.oec.world/tesseract/data.jsonrecords
UZB,Uzbekistan,2023,02,Vegetable Products,1791645318,"OEC/BACI HS6 REV. 1992, derived from international merchandise trade data",https://api.oec.world/tesseract/data.jsonrecords
UZB,Uzbekistan,2023,03,Animal and Vegetable Bi-Products,19043050,"OEC/BACI HS6 REV. 1992, derived from international merchandise trade data",https://api.oec.world/tesseract/data.jsonrecords
UZB,Uzbekistan,2023,04,Foodstuffs,338220008,"OEC/BACI HS6 REV. 1992, derived from international merchandise trade data",https://api.oec.world/tesseract/data.jsonrecords
UZB,Uzbekistan,2023,05,Mineral Products,1146937334,"OEC/BACI HS6 REV. 1992, derived from international merchandise trade data",https://api.oec.world/tesseract/data.jsonrecords
UZB,Uzbekistan,2023,06,Chemical Products,1407433710,"OEC/BACI HS6 REV. 1992, derived from international merchandise trade data",https://api.oec.world/tesseract/data.jsonrecords
UZB,Uzbekistan,2023,07,Plastics and Rubbers,456446029,"OEC/BACI HS6 REV. 1992, derived from international merchandise trade data",https://api.oec.world/tesseract/data.jsonrecords
UZB,Uzbekistan,2023,08,Animal Hides,57589822,"OEC/BACI HS6 REV. 1992, derived from international merchandise trade data",https://api.oec.world/tesseract/data.jsonrecords
UZB,Uzbekistan,2023,09,Wood Products,23070026,"OEC/BACI HS6 REV. 1992, derived from international merchandise trade data",https://api.oec.world/tesseract/data.jsonrecords
UZB,Uzbekistan,2023,10,Paper Goods,129410336,"OEC/BACI HS6 REV. 1992, derived from international merchandise trade data",https://api.oec.world/tesseract/data.jsonrecords
UZB,Uzbekistan,2023,11,Textiles,3830070339,"OEC/BACI HS6 REV. 1992, derived from international merchandise trade data",https://api.oec.world/tesseract/data.jsonrecords
UZB,Uzbekistan,2023,12,Footwear and Headwear,45946778,"OEC/BACI HS6 REV. 1992, derived from international merchandise trade data",https://api.oec.world/tesseract/data.jsonrecords
UZB,Uzbekistan,2023,13,Stone And Glass,163441251,"OEC/BACI HS6 REV. 1992, derived from international merchandise trade data",https://api.oec.world/tesseract/data.jsonrecords
UZB,Uzbekistan,2023,14,Precious Metals,11433677761,"OEC/BACI HS6 REV. 1992, derived from international merchandise trade data",https://api.oec.world/tesseract/data.jsonrecords
UZB,Uzbekistan,2023,15,Metals,1975591567,"OEC/BACI HS6 REV. 1992, derived from international merchandise trade data",https://api.oec.world/tesseract/data.jsonrecords
UZB,Uzbekistan,2023,16,Machines,834657457,"OEC/BACI HS6 REV. 1992, derived from international merchandise trade data",https://api.oec.world/tesseract/data.jsonrecords
UZB,Uzbekistan,2023,17,Transportation,644649972,"OEC/BACI HS6 REV. 1992, derived from international merchandise trade data",https://api.oec.world/tesseract/data.jsonrecords
UZB,Uzbekistan,2023,18,Instruments,29568915,"OEC/BACI HS6 REV. 1992, derived from international merchandise trade data",https://api.oec.world/tesseract/data.jsonrecords
UZB,Uzbekistan,2023,19,Weapons,57,"OEC/BACI HS6 REV. 1992, derived from international merchandise trade data",https://api.oec.world/tesseract/data.jsonrecords
UZB,Uzbekistan,2023,20,Miscellaneous,35253086,"OEC/BACI HS6 REV. 1992, derived from international merchandise trade data",https://api.oec.world/tesseract/data.jsonrecords
UZB,Uzbekistan,2023,21,Arts and Antiques,25029762,"OEC/BACI HS6 REV. 1992, derived from international merchandise trade data",https://api.oec.world/tesseract/data.jsonrecords
