year,good_type,post_reform,export_usd,total_exports_usd,share
2010,Capital/Machines,FALSE,670376621,6476670085,0.10350637166969422
2010,Consumer/Other,FALSE,26641151,6476670085,0.004113402512457912
2010,Gold/Precious Metals,FALSE,296471405,6476670085,0.04577528283965386
2010,Intermediate Input,FALSE,2965230519,6476670085,0.45783257138069894
2010,Other Primary,FALSE,729538763,6476670085,0.11264102593238698
2010,Textiles,FALSE,1788411626,6476670085,0.2761313456651081
2011,Capital/Machines,FALSE,861665052,6902419838,0.12483521318947623
2011,Consumer/Other,FALSE,33755158,6902419838,0.0048903368372591885
2011,Gold/Precious Metals,FALSE,205174640,6902419838,0.0297250304698142
2011,Intermediate Input,FALSE,3254886071,6902419838,0.47155724331354415
2011,Other Primary,FALSE,932691967,6902419838,0.13512536022008345
2011,Textiles,FALSE,1614246950,6902419838,0.23386681596982278
2012,Capital/Machines,FALSE,867790552,5795620543,0.14973212023829352
2012,Consumer/Other,FALSE,38377285,5795620543,0.006621773236405619
2012,Gold/Precious Metals,FALSE,696244774.0000001,5795620543,0.12013291222817038
2012,Intermediate Input,FALSE,1811535870,5795620543,0.3125697855060557
2012,Other Primary,FALSE,643826797,5795620543,0.11108850074348285
2012,Textiles,FALSE,1737845265,5795620543,0.29985490804759196
2013,Capital/Machines,FALSE,823624095.9999999,8068319225,0.10208124803093668
2013,Consumer/Other,FALSE,36644733,8068319225,0.004541805049861547
2013,Gold/Precious Metals,FALSE,1809188265,8068319225,0.22423359990444602
2013,Intermediate Input,FALSE,2823698156,8068319225,0.3499735294620795
2013,Other Primary,FALSE,786300994,8068319225,0.09745536487495635
2013,Textiles,FALSE,1788862981,8068319225,0.2217144526777199
2014,Capital/Machines,FALSE,580517739,6540164391,0.08876194913370336
2014,Consumer/Other,FALSE,35363357,6540164391,0.0054071052172119626
2014,Gold/Precious Metals,FALSE,1446776762,6540164391,0.22121412788811962
2014,Intermediate Input,FALSE,2486540059,6540164391,0.38019534530687915
2014,Other Primary,FALSE,735645642,6540164391,0.11248121576459622
2014,Textiles,FALSE,1255320832,6540164391,0.1919402566894897
2015,Capital/Machines,FALSE,222716320,6297967152,0.03536320762315719
2015,Consumer/Other,FALSE,39496548,6297967152,0.006271316926042932
2015,Gold/Precious Metals,FALSE,1921188603,6297967152,0.30504900337403346
2015,Intermediate Input,FALSE,2078925707,6297967152,0.33009472053848526
2015,Other Primary,FALSE,623719377,6297967152,0.09903503177242358
2015,Textiles,FALSE,1411920597,6297967152,0.22418671976585755
2016,Capital/Machines,FALSE,241176952,7681969595,0.03139519741876823
2016,Consumer/Other,FALSE,41975255,7681969595,0.0054641266775282
2016,Gold/Precious Metals,FALSE,2880523432,7681969595,0.37497199076065857
2016,Intermediate Input,FALSE,2358760897,7681969595,0.307051579393813
2016,Other Primary,FALSE,813967538,7681969595,0.10595818272045635
2016,Textiles,FALSE,1345565521,7681969595,0.17515892302877567
2017,Capital/Machines,TRUE,547169488,11025063617,0.049629599157713415
2017,Consumer/Other,TRUE,64886293,11025063617,0.005885344089983222
2017,Gold/Precious Metals,TRUE,3762390914,11025063617,0.3412579777044202
2017,Intermediate Input,TRUE,3681696204,11025063617,0.33393877186550114
2017,Other Primary,TRUE,1303080293,11025063617,0.11819254185442765
2017,Textiles,TRUE,1665840425,11025063617,0.15109576532795438
2018,Capital/Machines,TRUE,397170377,10832662896,0.036664149970609405
2018,Consumer/Other,TRUE,67654095,10832662896,0.0062453798894620376
2018,Gold/Precious Metals,TRUE,2582519316.0000005,10832662896,0.23840115221840838
2018,Intermediate Input,TRUE,4827185657,10832662896,0.44561394583620395
2018,Other Primary,TRUE,1383422166,10832662896,0.12770841106029743
2018,Textiles,TRUE,1574711285,10832662896,0.14536696102501886
2019,Capital/Machines,TRUE,508900254,14285149756,0.035624425553274545
2019,Consumer/Other,TRUE,93632395,14285149756,0.006554526665754613
2019,Gold/Precious Metals,TRUE,5418552299,14285149756,0.3793136502978639
2019,Intermediate Input,TRUE,4570841385,14285149756,0.3199715412909949
2019,Other Primary,TRUE,1719712929,14285149756,0.12038466228033011
2019,Textiles,TRUE,1973510494,14285149756,0.1381511939117819
2020,Capital/Machines,TRUE,477030550,13897448985,0.03432504415125939
2020,Consumer/Other,TRUE,108627559,13897448985,0.00781636681071796
2020,Gold/Precious Metals,TRUE,6651319849,13897448985,0.47860005503017145
2020,Intermediate Input,TRUE,2855534215,13897448985,0.20547182566254263
2020,Other Primary,TRUE,1669769706,13897448985,0.12014936754236266
2020,Textiles,TRUE,2135167106,13897448985,0.15363734080294594
2021,Capital/Machines,TRUE,720565512,14754520204,0.048836932820401184
2021,Consumer/Other,TRUE,137390755,14754520204,0.0093117738225573
2021,Gold/Precious Metals,TRUE,4736649406,14754520204,0.3210303920771262
2021,Intermediate Input,TRUE,4220523121,14754520204,0.2860494995869674
2021,Other Primary,TRUE,1750185504,14754520204,0.11862029261551445
2021,Textiles,TRUE,3189205906,14754520204,0.21615110907743348
2022,Capital/Machines,TRUE,1045229454,16991035811,0.06151652351431796
2022,Consumer/Other,TRUE,228178123,16991035811,0.01342932388220131
2022,Gold/Precious Metals,TRUE,5538765670,16991035811,0.32598163711797973
2022,Intermediate Input,TRUE,4775009343,16991035811,0.2810310916953431
2022,Other Primary,TRUE,2083332824,16991035811,0.12261364446370303
2022,Textiles,TRUE,3320520397,16991035811,0.19542777932645486
2023,Capital/Machines,TRUE,1508876344,24426392301,0.0617723782295197
2023,Consumer/Other,TRUE,235640019,24426392301,0.009646943195551356
2023,Gold/Precious Metals,TRUE,11433677761,24426392301,0.46808704372327276
2023,Intermediate Input,TRUE,4986408640,24426392301,0.20414020124436713
2023,Other Primary,TRUE,2431719198,24426392301,0.09955294126265413
2023,Textiles,TRUE,3830070339,24426392301,0.15680049234463492
