country_code,country,year,hs_section_code,product,value_usd,export_share_country,export_share_world,rca,has_rca
UZB,Uzbekistan,2010,01,Animal Products,10038508,0.0015499489503486112,0.04718575750138961,0.03284781324752423,RCA <= 1 (No Advantage)
UZB,Uzbekistan,2010,02,Vegetable Products,624672848,0.09644969402513576,0.09704343763778592,0.9938816716812289,RCA <= 1 (No Advantage)
UZB,Uzbekistan,2010,03,Animal and Vegetable Bi-Products,1735354,2.6793923068879e-4,0.0012549003742064516,0.21351434440221914,RCA <= 1 (No Advantage)
UZB,Uzbekistan,2010,04,Foodstuffs,68329818,0.01055014646465507,0.024087220449705706,0.4379976712831542,RCA <= 1 (No Advantage)
UZB,Uzbekistan,2010,05,Mineral Products,1314134101,0.20290273917819918,0.11796220798876374,1.7200656264210168,RCA > 1 (Comparative Advantage)
UZB,Uzbekistan,2010,06,Chemical Products,856468010,0.1322389435867027,0.025993047732391188,5.087473579403057,RCA > 1 (Comparative Advantage)
UZB,Uzbekistan,2010,07,Plastics and Rubbers,91490736,0.014126199852589836,0.03812155308585897,0.37055677717993846,RCA <= 1 (No Advantage)
UZB,Uzbekistan,2010,08,Animal Hides,13276231,0.002049854450784488,0.016711270825543002,0.12266299027667645,RCA <= 1 (No Advantage)
UZB,Uzbekistan,2010,09,Wood Products,904255,1.3961727062402932e-4,0.014025013973214076,0.0099548756878731,RCA <= 1 (No Advantage)
UZB,Uzbekistan,2010,10,Paper Goods,11536707,0.0017812713707185844,0.005133645999145506,0.34697978220841025,RCA <= 1 (No Advantage)
UZB,Uzbekistan,2010,11,Textiles,1788411626,0.2761313456651081,0.19448515319700352,1.4198068136615096,RCA > 1 (Comparative Advantage)
UZB,Uzbekistan,2010,12,Footwear and Headwear,3595900,5.552081475213818e-4,0.09539015812039944,0.005820392359771642,RCA <= 1 (No Advantage)
UZB,Uzbekistan,2010,13,Stone And Glass,10581749,0.001633825540150236,0.011125226405544622,0.14685773399954946,RCA <= 1 (No Advantage)
UZB,Uzbekistan,2010,14,Precious Metals,296471405,0.04577528283965386,0.018958795452395483,2.4144615597859653,RCA > 1 (Comparative Advantage)
UZB,Uzbekistan,2010,15,Metals,703137672,0.10856468876320724,0.04477313033615681,2.42477325011906,RCA > 1 (Comparative Advantage)
UZB,Uzbekistan,2010,16,Machines,139048418,0.02146912165898906,0.15536692624912973,0.13818334556328596,RCA <= 1 (No Advantage)
UZB,Uzbekistan,2010,17,Transportation,516420933,0.07973556259968119,0.02410999626737611,3.307157816012338,RCA > 1 (Comparative Advantage)
UZB,Uzbekistan,2010,18,Instruments,14907270.000000002,0.0023016874110239633,0.009908328033162828,0.23229826498681674,RCA <= 1 (No Advantage)
UZB,Uzbekistan,2010,19,Weapons,133,2.053524392234038e-8,9.694307580638347e-6,0.0021182785620866575,RCA <= 1 (No Advantage)
UZB,Uzbekistan,2010,20,Miscellaneous,10839213,0.001673578066775961,0.058305610512123206,0.028703551031816776,RCA <= 1 (No Advantage)
UZB,Uzbekistan,2010,21,Arts and Antiques,669198,1.0332439219806268e-4,4.8925551123457536e-5,2.111869765908951,RCA > 1 (Comparative Advantage)
UZB,Uzbekistan,2011,01,Animal Products,8072031,0.0011694494379436212,0.04408056224243694,0.026529821273871518,RCA <= 1 (No Advantage)
UZB,Uzbekistan,2011,02,Vegetable Products,827194981,0.1198413020961186,0.09272938117793425,1.2923768127618633,RCA > 1 (Comparative Advantage)
UZB,Uzbekistan,2011,03,Animal and Vegetable Bi-Products,324492,4.7011339155808677e-5,0.0018839641487800943,0.024953414950199287,RCA <= 1 (No Advantage)
UZB,Uzbekistan,2011,04,Foodstuffs,60423816,0.008754004742995756,0.024365125558440136,0.35928420405629097,RCA <= 1 (No Advantage)
UZB,Uzbekistan,2011,05,Mineral Products,1632204765,0.23646848544537924,0.11747162651935444,2.0129838366238935,RCA > 1 (Comparative Advantage)
UZB,Uzbekistan,2011,06,Chemical Products,690402207,0.10002321261293291,0.025108171589270405,3.9836916143936305,RCA > 1 (Comparative Advantage)
UZB,Uzbekistan,2011,07,Plastics and Rubbers,85834587,0.01243543409623586,0.03891288862663983,0.3195710864734555,RCA <= 1 (No Advantage)
UZB,Uzbekistan,2011,08,Animal Hides,12787085,0.001852551032842578,0.016873851142358502,0.10978827638179829,RCA <= 1 (No Advantage)
UZB,Uzbekistan,2011,09,Wood Products,1324271,1.9185604919443904e-4,0.01646207625131442,0.01165442598281734,RCA <= 1 (No Advantage)
UZB,Uzbekistan,2011,10,Paper Goods,15947025,0.0023103528000726053,0.004399728122775917,0.5251126286900965,RCA <= 1 (No Advantage)
UZB,Uzbekistan,2011,11,Textiles,1614246950,0.23386681596982278,0.18333766609037594,1.275607031315314,RCA > 1 (Comparative Advantage)
UZB,Uzbekistan,2011,12,Footwear and Headwear,7968984,0.001154520325774481,0.08838441285440751,0.013062487926194419,RCA <= 1 (No Advantage)
UZB,Uzbekistan,2011,13,Stone And Glass,22565291,0.0032691855218326404,0.009648256574427727,0.338836918008324,RCA <= 1 (No Advantage)
UZB,Uzbekistan,2011,14,Precious Metals,205174640,0.0297250304698142,0.013639299913400155,2.1793662914186935,RCA > 1 (Comparative Advantage)
UZB,Uzbekistan,2011,15,Metals,846444512,0.12263011115899612,0.047603212786236915,2.576088965038323,RCA > 1 (Comparative Advantage)
UZB,Uzbekistan,2011,16,Machines,139533812,0.020215202099388728,0.19361530636743815,0.10440911144196853,RCA <= 1 (No Advantage)
UZB,Uzbekistan,2011,17,Transportation,716010922,0.10373331944517977,0.024020717692918133,4.318493759067106,RCA > 1 (Comparative Advantage)
UZB,Uzbekistan,2011,18,Instruments,6120318,8.866916449077347e-4,0.009457602747913955,0.09375437608682713,RCA <= 1 (No Advantage)
UZB,Uzbekistan,2011,20,Miscellaneous,8503448,0.0012319517212189606,0.047936018147763194,0.025699917699076688,RCA <= 1 (No Advantage)
UZB,Uzbekistan,2011,21,Arts and Antiques,1335701,1.9351199019314132e-4,5.4679123838334874e-5,3.5390470184797,RCA > 1 (Comparative Advantage)
UZB,Uzbekistan,2012,01,Animal Products,8868216,0.0015301581485887834,0.035325893536964754,0.04331548321594859,RCA <= 1 (No Advantage)
UZB,Uzbekistan,2012,02,Vegetable Products,514810957,0.08882758165073334,0.08369908419994837,1.0612730413935418,RCA > 1 (Comparative Advantage)
UZB,Uzbekistan,2012,03,Animal and Vegetable Bi-Products,118465,2.044043413833969e-5,0.002327355424105098,0.008782686961618392,RCA <= 1 (No Advantage)
UZB,Uzbekistan,2012,04,Foodstuffs,61651629,0.010637623450773251,0.021120388743148522,0.5036660821039153,RCA <= 1 (No Advantage)
UZB,Uzbekistan,2012,05,Mineral Products,403088373,0.06955051146108135,0.09609379342337657,0.7237773531808759,RCA <= 1 (No Advantage)
UZB,Uzbekistan,2012,06,Chemical Products,573389828,0.09893501890708582,0.02130117186854004,4.644581036088637,RCA > 1 (Comparative Advantage)
UZB,Uzbekistan,2012,07,Plastics and Rubbers,62779939,0.010832306658831581,0.038220528508701286,0.2834159306919447,RCA <= 1 (No Advantage)
UZB,Uzbekistan,2012,08,Animal Hides,22214354,0.003832955217682546,0.01576807113761032,0.24308332859686965,RCA <= 1 (No Advantage)
UZB,Uzbekistan,2012,09,Wood Products,1649025,2.8452949736188415e-4,0.014324306297086668,0.01986340500270878,RCA <= 1 (No Advantage)
UZB,Uzbekistan,2012,10,Paper Goods,17115714,0.0029532150824940575,0.004469819191912729,0.6607012399600699,RCA <= 1 (No Advantage)
UZB,Uzbekistan,2012,11,Textiles,1737845265,0.29985490804759196,0.15996113717701504,1.8745484893356859,RCA > 1 (Comparative Advantage)
UZB,Uzbekistan,2012,12,Footwear and Headwear,9725441,0.0016780672454041992,0.07818731070653043,0.021462143028587916,RCA <= 1 (No Advantage)
UZB,Uzbekistan,2012,13,Stone And Glass,34514151,0.0059552123442047095,0.009721785641712591,0.6125636342621147,RCA <= 1 (No Advantage)
UZB,Uzbekistan,2012,14,Precious Metals,696244774.0000001,0.12013291222817038,0.009144625100394654,13.136996969179831,RCA > 1 (Comparative Advantage)
UZB,Uzbekistan,2012,15,Metals,772277730,0.13325194847905694,0.04093199237017936,3.2554474083244593,RCA > 1 (Comparative Advantage)
UZB,Uzbekistan,2012,16,Machines,115210099,0.019878820248014985,0.2932757769716993,0.06778200522825062,RCA <= 1 (No Advantage)
UZB,Uzbekistan,2012,17,Transportation,741474182,0.12793697870637147,0.02172211433643947,5.889711136072676,RCA > 1 (Comparative Advantage)
UZB,Uzbekistan,2012,18,Instruments,11106271,0.0019163212839070785,0.009307040698326143,0.2059001723557227,RCA <= 1 (No Advantage)
UZB,Uzbekistan,2012,19,Weapons,41633.99999999999,7.183700121686864e-6,1.5559520740856785e-5,0.4616916061446308,RCA <= 1 (No Advantage)
UZB,Uzbekistan,2012,20,Miscellaneous,10264042,0.0017709996580775112,0.04504062668918195,0.039320049214654415,RCA <= 1 (No Advantage)
UZB,Uzbekistan,2012,21,Arts and Antiques,1230454,2.1230755030816377e-4,4.1618456385855174e-5,5.1012836309883065,RCA > 1 (Comparative Advantage)
UZB,Uzbekistan,2013,01,Animal Products,11612411,0.0014392602320466566,0.03133328958623104,0.0459339013251618,RCA <= 1 (No Advantage)
UZB,Uzbekistan,2013,02,Vegetable Products,647165755,0.08021072753228849,0.0665068080342777,1.2060528824499857,RCA > 1 (Comparative Advantage)
UZB,Uzbekistan,2013,03,Animal and Vegetable Bi-Products,118735,1.471620007697452e-5,0.0015416564638023964,0.009545706467365602,RCA <= 1 (No Advantage)
UZB,Uzbekistan,2013,04,Foodstuffs,62574275,0.007755552706208151,0.02188544471518699,0.35437035011796364,RCA <= 1 (No Advantage)
UZB,Uzbekistan,2013,05,Mineral Products,1332810868,0.1651906463827353,0.07904753453214593,2.089763423494985,RCA > 1 (Comparative Advantage)
UZB,Uzbekistan,2013,06,Chemical Products,670247623,0.08307153005587728,0.018940555523085607,4.385907792124995,RCA > 1 (Comparative Advantage)
UZB,Uzbekistan,2013,07,Plastics and Rubbers,56371510,0.006986772390627616,0.033192631807214934,0.2104916666809449,RCA <= 1 (No Advantage)
UZB,Uzbekistan,2013,08,Animal Hides,22925382,0.002841407406013983,0.016511031056773533,0.17209145790131114,RCA <= 1 (No Advantage)
UZB,Uzbekistan,2013,09,Wood Products,1489558,1.846181290626859e-4,0.016035322490167456,0.011513215850563037,RCA <= 1 (No Advantage)
UZB,Uzbekistan,2013,10,Paper Goods,14927902,0.0018501873294434505,0.004185242631120756,0.44207409044478585,RCA <= 1 (No Advantage)
UZB,Uzbekistan,2013,11,Textiles,1788862981,0.2217144526777199,0.16460506486728171,1.3469479378200453,RCA > 1 (Comparative Advantage)
UZB,Uzbekistan,2013,12,Footwear and Headwear,10191532,0.0012631542847760836,0.07674349693050882,0.01645943090031288,RCA <= 1 (No Advantage)
UZB,Uzbekistan,2013,13,Stone And Glass,40414878,0.005009082669259408,0.008970374677905282,0.5584028370182977,RCA <= 1 (No Advantage)
UZB,Uzbekistan,2013,14,Precious Metals,1809188265,0.22423359990444602,0.017383444491401202,12.899261709344438,RCA > 1 (Comparative Advantage)
UZB,Uzbekistan,2013,15,Metals,764268155,0.0947245806328393,0.037102260798722975,2.5530676188902115,RCA > 1 (Comparative Advantage)
UZB,Uzbekistan,2013,16,Machines,134628528,0.016686068590698332,0.3348979181193647,0.049824342547125255,RCA <= 1 (No Advantage)
UZB,Uzbekistan,2013,17,Transportation,678970682.9999999,0.08415267964313843,0.01797373035722391,4.681981868572776,RCA > 1 (Comparative Advantage)
UZB,Uzbekistan,2013,18,Instruments,10024885,0.0012424997970999344,0.00949471441038082,0.13086226119044475,RCA <= 1 (No Advantage)
UZB,Uzbekistan,2013,20,Miscellaneous,8710111,0.001079544668115186,0.04360131447810264,0.024759452347643155,RCA <= 1 (No Advantage)
UZB,Uzbekistan,2013,21,Arts and Antiques,2815188,3.4891876752682653e-4,4.510674434298974e-5,7.73540127111953,RCA > 1 (Comparative Advantage)
UZB,Uzbekistan,2014,01,Animal Products,10028230,0.0015333299593814445,0.03289684829484208,0.0466102389395721,RCA <= 1 (No Advantage)
UZB,Uzbekistan,2014,02,Vegetable Products,609223524,0.09315110256836356,0.06605200997209938,1.4102690078274824,RCA > 1 (Comparative Advantage)
UZB,Uzbekistan,2014,03,Animal and Vegetable Bi-Products,125888,1.9248445830082805e-5,0.0014780562068567294,0.013022810459297094,RCA <= 1 (No Advantage)
UZB,Uzbekistan,2014,04,Foodstuffs,57239506,0.008751998050502826,0.023474710150583236,0.3728266715269914,RCA <= 1 (No Advantage)
UZB,Uzbekistan,2014,05,Mineral Products,1078099551,0.1648428826167712,0.0655036655035128,2.516544400220337,RCA > 1 (Comparative Advantage)
UZB,Uzbekistan,2014,06,Chemical Products,532898511,0.08148090462883902,0.019379610268368628,4.204465595566286,RCA > 1 (Comparative Advantage)
UZB,Uzbekistan,2014,07,Plastics and Rubbers,52855744,0.008081714898900009,0.031118323904807753,0.2597091965371371,RCA <= 1 (No Advantage)
UZB,Uzbekistan,2014,08,Animal Hides,19824435,0.0030311829817734623,0.019063782807720354,0.15900217770766403,RCA <= 1 (No Advantage)
UZB,Uzbekistan,2014,09,Wood Products,1323039,2.022944563626948e-4,0.0160274748787293,0.012621729741792815,RCA <= 1 (No Advantage)
UZB,Uzbekistan,2014,10,Paper Goods,16661972,0.0025476381026337414,0.003936040672036771,0.6472590897581917,RCA <= 1 (No Advantage)
UZB,Uzbekistan,2014,11,Textiles,1255320832,0.1919402566894897,0.16538235418539074,1.1605848618790855,RCA > 1 (Comparative Advantage)
UZB,Uzbekistan,2014,12,Footwear and Headwear,10208949,0.0015609621394301126,0.08354896584801827,0.018683201205262286,RCA <= 1 (No Advantage)
UZB,Uzbekistan,2014,13,Stone And Glass,37881020,0.005792059302382144,0.010139566567444431,0.5712334214540268,RCA <= 1 (No Advantage)
UZB,Uzbekistan,2014,14,Precious Metals,1446776762,0.22121412788811962,0.011163891933329374,19.815144145895328,RCA > 1 (Comparative Advantage)
UZB,Uzbekistan,2014,15,Metals,822686253,0.1257898431623689,0.039454324715644036,3.188239668755298,RCA > 1 (Comparative Advantage)
UZB,Uzbekistan,2014,16,Machines,98173570,0.015010871918616884,0.3335630918939808,0.0450015972492182,RCA <= 1 (No Advantage)
UZB,Uzbekistan,2014,17,Transportation,476027688,0.07278527870875348,0.01938307021529199,3.755095446712595,RCA > 1 (Comparative Advantage)
UZB,Uzbekistan,2014,18,Instruments,6316481,9.657985063329886e-4,0.011462821340840677,0.08425486864145415,RCA <= 1 (No Advantage)
UZB,Uzbekistan,2014,19,Weapons,529,8.088481701285114e-8,1.6929711321965295e-6,0.047776843606250924,RCA <= 1 (No Advantage)
UZB,Uzbekistan,2014,20,Miscellaneous,7153924,0.0010938446761131267,0.0469265853159104,0.023309701073482115,RCA <= 1 (No Advantage)
UZB,Uzbekistan,2014,21,Arts and Antiques,1337983,2.0457941421796901e-4,4.311235346003397e-5,4.745262037425498,RCA > 1 (Comparative Advantage)
UZB,Uzbekistan,2015,01,Animal Products,10028486,0.001592336980801071,0.026790644810191385,0.0594363066690852,RCA <= 1 (No Advantage)
UZB,Uzbekistan,2015,02,Vegetable Products,529853693,0.08413090767419105,0.06262415690441323,1.3434257933820137,RCA > 1 (Comparative Advantage)
UZB,Uzbekistan,2015,03,Animal and Vegetable Bi-Products,155751,2.4730360803888802e-5,0.0013998674736454958,0.017666215745042412,RCA <= 1 (No Advantage)
UZB,Uzbekistan,2015,04,Foodstuffs,43773153,0.006950362226976569,0.020824543477627477,0.3337582038445924,RCA <= 1 (No Advantage)
UZB,Uzbekistan,2015,05,Mineral Products,676339865,0.10739018617860203,0.036014160711776905,2.9818877923617593,RCA > 1 (Comparative Advantage)
UZB,Uzbekistan,2015,06,Chemical Products,636112701,0.10100286102603667,0.018437529714805383,5.478112447185977,RCA > 1 (Comparative Advantage)
UZB,Uzbekistan,2015,07,Plastics and Rubbers,46232594,0.007340875695948692,0.02893914806527132,0.2536659226937705,RCA <= 1 (No Advantage)
UZB,Uzbekistan,2015,08,Animal Hides,23211346,0.0036855298606358945,0.02090493679337081,0.17629949791594765,RCA <= 1 (No Advantage)
UZB,Uzbekistan,2015,09,Wood Products,1205752,1.9145098265828492e-4,0.014309451611435367,0.013379337507615406,RCA <= 1 (No Advantage)
UZB,Uzbekistan,2015,10,Paper Goods,21046732,0.0033418294335365566,0.003575239360661916,0.9347148809969058,RCA <= 1 (No Advantage)
UZB,Uzbekistan,2015,11,Textiles,1411920597,0.22418671976585755,0.16443121938315053,1.3634072690506986,RCA > 1 (Comparative Advantage)
UZB,Uzbekistan,2015,12,Footwear and Headwear,10975327,0.0017426777141120282,0.08621420899929118,0.020213346898843042,RCA <= 1 (No Advantage)
UZB,Uzbekistan,2015,13,Stone And Glass,15491196,0.002459713686356807,0.009862165398601545,0.24940908887064442,RCA <= 1 (No Advantage)
UZB,Uzbekistan,2015,14,Precious Metals,1921188603,0.30504900337403346,0.012805208228190782,23.822260281755145,RCA > 1 (Comparative Advantage)
UZB,Uzbekistan,2015,15,Metals,720240547,0.11436079763789787,0.034716546316604056,3.294129450405669,RCA > 1 (Comparative Advantage)
UZB,Uzbekistan,2015,16,Machines,50531520,0.008023465156364474,0.38211058806056614,0.02099775668894242,RCA <= 1 (No Advantage)
UZB,Uzbekistan,2015,17,Transportation,56739455,0.009009169725818856,0.015484990589791674,0.5818001421168484,RCA <= 1 (No Advantage)
UZB,Uzbekistan,2015,18,Instruments,115445345,0.018330572740973865,0.012351142060512587,1.4841196588271712,RCA > 1 (Comparative Advantage)
UZB,Uzbekistan,2015,20,Miscellaneous,5284908,8.391450562459206e-4,0.04816778677481479,0.017421291540110358,RCA <= 1 (No Advantage)
UZB,Uzbekistan,2015,21,Arts and Antiques,2189581,3.4766472214842696e-4,3.499436966466241e-5,9.934875966618755,RCA > 1 (Comparative Advantage)
UZB,Uzbekistan,2016,01,Animal Products,16427730,0.0021384789144039823,0.024981000206197906,0.0856042150735588,RCA <= 1 (No Advantage)
UZB,Uzbekistan,2016,02,Vegetable Products,699910213,0.0911107762591971,0.05879340236480228,1.5496768786040216,RCA > 1 (Comparative Advantage)
UZB,Uzbekistan,2016,03,Animal and Vegetable Bi-Products,467323,6.083374767639913e-5,7.461940911761265e-4,0.08152536772371781,RCA <= 1 (No Advantage)
UZB,Uzbekistan,2016,04,Foodstuffs,54298798,0.007068343258653577,0.021169060936180383,0.33389970768958194,RCA <= 1 (No Advantage)
UZB,Uzbekistan,2016,05,Mineral Products,845703900,0.11008946202422452,0.026999666862574063,4.0774377915316595,RCA > 1 (Comparative Advantage)
UZB,Uzbekistan,2016,06,Chemical Products,455784579,0.05933173431155711,0.01596220386025587,3.7170139431238933,RCA > 1 (Comparative Advantage)
UZB,Uzbekistan,2016,07,Plastics and Rubbers,432265271,0.05627010959290317,0.02915997063061923,1.9297039186252514,RCA > 1 (Comparative Advantage)
UZB,Uzbekistan,2016,08,Animal Hides,30702115.000000004,0.003996646253323267,0.01974612448550334,0.20240155258098438,RCA <= 1 (No Advantage)
UZB,Uzbekistan,2016,09,Wood Products,1172497,1.526297371396977e-4,0.01289213164145952,0.011838983760362723,RCA <= 1 (No Advantage)
UZB,Uzbekistan,2016,10,Paper Goods,20047617,0.002609697519897565,0.00348051769595314,0.7498015375505508,RCA <= 1 (No Advantage)
UZB,Uzbekistan,2016,11,Textiles,1345565521,0.17515892302877567,0.15430213574950027,1.135168493799302,RCA > 1 (Comparative Advantage)
UZB,Uzbekistan,2016,12,Footwear and Headwear,14922060,0.001942478398991893,0.08339461383326774,0.023292612192863233,RCA <= 1 (No Advantage)
UZB,Uzbekistan,2016,13,Stone And Glass,10988862,0.0014304745500623138,0.00877395009674003,0.1630365495917065,RCA <= 1 (No Advantage)
UZB,Uzbekistan,2016,14,Precious Metals,2880523432,0.37497199076065857,0.017327334611517208,21.64048880959571,RCA > 1 (Comparative Advantage)
UZB,Uzbekistan,2016,15,Metals,625007147,0.08136027346512818,0.03440653597426706,2.364674942167332,RCA > 1 (Comparative Advantage)
UZB,Uzbekistan,2016,16,Machines,62043363,0.00807649161230506,0.41575170943926637,0.01942623789376117,RCA <= 1 (No Advantage)
UZB,Uzbekistan,2016,17,Transportation,33438781.000000004,0.0043528916102147115,0.015231809515175315,0.28577639484514067,RCA <= 1 (No Advantage)
UZB,Uzbekistan,2016,18,Instruments,145694808,0.018965814196248456,0.015334577557841293,1.2368005655656513,RCA > 1 (Comparative Advantage)
UZB,Uzbekistan,2016,19,Weapons,126,1.6402043569921212e-8,1.3420699261450893e-6,0.012221452288282638,RCA <= 1 (No Advantage)
UZB,Uzbekistan,2016,20,Miscellaneous,5155112,6.710664415224101e-4,0.041511381244048885,0.01616584226810364,RCA <= 1 (No Advantage)
UZB,Uzbekistan,2016,21,Arts and Antiques,1850340,2.4086791507276203e-4,3.4337133727814744e-5,7.01479386666591,RCA > 1 (Comparative Advantage)
UZB,Uzbekistan,2017,01,Animal Products,26152954,0.0023721363348573957,0.021437556713544765,0.11065329722759977,RCA <= 1 (No Advantage)
UZB,Uzbekistan,2017,02,Vegetable Products,975724970,0.08850062039510498,0.05574031670079679,1.5877308496497993,RCA > 1 (Comparative Advantage)
UZB,Uzbekistan,2017,03,Animal and Vegetable Bi-Products,743164,6.740677657896548e-5,6.084918116944757e-4,0.1107768014022356,RCA <= 1 (No Advantage)
UZB,Uzbekistan,2017,04,Foodstuffs,78421566,0.007113026166949146,0.019157342574398585,0.3712950342316697,RCA <= 1 (No Advantage)
UZB,Uzbekistan,2017,05,Mineral Products,1715500187,0.15560002613996707,0.027882424618934077,5.580577308700191,RCA > 1 (Comparative Advantage)
UZB,Uzbekistan,2017,06,Chemical Products,414734011,0.03761738030794712,0.014734996338029948,2.5529276998094264,RCA > 1 (Comparative Advantage)
UZB,Uzbekistan,2017,07,Plastics and Rubbers,501587964,0.04549524441986719,0.029859666570361446,1.5236353799417686,RCA > 1 (Comparative Advantage)
UZB,Uzbekistan,2017,08,Animal Hides,131279918,0.011907406846847948,0.016994543395914125,0.7006605926059043,RCA <= 1 (No Advantage)
UZB,Uzbekistan,2017,09,Wood Products,2152044,1.9519560836652903e-4,0.010827338381235764,0.018028032513033053,RCA <= 1 (No Advantage)
UZB,Uzbekistan,2017,10,Paper Goods,36240672,0.003287116814828988,0.003985992963882422,0.8246669887814561,RCA <= 1 (No Advantage)
UZB,Uzbekistan,2017,11,Textiles,1665840425,0.15109576532795438,0.13665051309177428,1.1057094621114132,RCA > 1 (Comparative Advantage)
UZB,Uzbekistan,2017,12,Footwear and Headwear,17932348,0.0016265074400431915,0.07465762844285824,0.021786218956688322,RCA <= 1 (No Advantage)
UZB,Uzbekistan,2017,13,Stone And Glass,88605677,0.008036749725722693,0.007965016988188887,1.0090059742044715,RCA > 1 (Comparative Advantage)
UZB,Uzbekistan,2017,14,Precious Metals,3762390914,0.3412579777044202,0.016020895926166036,21.30080485368253,RCA > 1 (Comparative Advantage)
UZB,Uzbekistan,2017,15,Metals,1049874042,0.09522612099771977,0.0358207059265766,2.6584099485060193,RCA > 1 (Comparative Advantage)
UZB,Uzbekistan,2017,16,Machines,208510041,0.018912366245079054,0.45317846794078576,0.04173271146578444,RCA <= 1 (No Advantage)
UZB,Uzbekistan,2017,17,Transportation,177192770,0.016071813837589034,0.014606095560249204,1.1003497663899182,RCA > 1 (Comparative Advantage)
UZB,Uzbekistan,2017,18,Instruments,161466677,0.014645419075045324,0.02233736254619696,0.6556467463316871,RCA <= 1 (No Advantage)
UZB,Uzbekistan,2017,19,Weapons,376,3.4104111600792043e-8,3.78563487530751e-7,0.09008822225102134,RCA <= 1 (No Advantage)
UZB,Uzbekistan,2017,20,Miscellaneous,9861633,8.944740223352491e-4,0.03750811607422214,0.023847479317949165,RCA <= 1 (No Advantage)
UZB,Uzbekistan,2017,21,Arts and Antiques,851264,7.72117086641932e-5,2.6148870701971973e-5,2.9527741195481303,RCA > 1 (Comparative Advantage)
UZB,Uzbekistan,2018,01,Animal Products,17427240,0.0016087678687421421,0.020103235365957362,0.08002532127074506,RCA <= 1 (No Advantage)
UZB,Uzbekistan,2018,02,Vegetable Products,1128241625,0.10415182636363653,0.0530275574124304,1.9641075592748665,RCA > 1 (Comparative Advantage)
UZB,Uzbekistan,2018,03,Animal and Vegetable Bi-Products,2209194,2.0393822102742187e-4,5.99659150909365e-4,0.34009023412409484,RCA <= 1 (No Advantage)
UZB,Uzbekistan,2018,04,Foodstuffs,76169491,0.0070314650913881815,0.020187926814464383,0.3483005043564072,RCA <= 1 (No Advantage)
UZB,Uzbekistan,2018,05,Mineral Products,2751123878,0.2539656134795686,0.0322401201981035,7.87731596281418,RCA > 1 (Comparative Advantage)
UZB,Uzbekistan,2018,06,Chemical Products,364319364,0.03363156109422792,0.017123711598804613,1.9640345435726505,RCA > 1 (Comparative Advantage)
UZB,Uzbekistan,2018,07,Plastics and Rubbers,490496020,0.04527935787433369,0.030684142884257613,1.4756598561390515,RCA > 1 (Comparative Advantage)
UZB,Uzbekistan,2018,08,Animal Hides,125157960,0.011553757483417585,0.0157274249904643,0.7346248664624213,RCA <= 1 (No Advantage)
UZB,Uzbekistan,2018,09,Wood Products,3951323,3.6476008142550436e-4,0.012442774803934454,0.029315011094644725,RCA <= 1 (No Advantage)
UZB,Uzbekistan,2018,10,Paper Goods,41392607,0.0038210925048987143,0.004470729801705138,0.8546909955151726,RCA <= 1 (No Advantage)
UZB,Uzbekistan,2018,11,Textiles,1574711285,0.14536696102501886,0.14240518771740776,1.0207982121654762,RCA > 1 (Comparative Advantage)
UZB,Uzbekistan,2018,12,Footwear and Headwear,15366065,0.0014184937856484,0.07750817663813293,0.01830121475145786,RCA <= 1 (No Advantage)
UZB,Uzbekistan,2018,13,Stone And Glass,30265333,0.0027938959506600713,0.007684450238659042,0.3635778570865746,RCA <= 1 (No Advantage)
UZB,Uzbekistan,2018,14,Precious Metals,2582519316.0000005,0.23840115221840838,0.011046508646098354,21.581583815861322,RCA > 1 (Comparative Advantage)
UZB,Uzbekistan,2018,15,Metals,1221246395,0.11273741338807373,0.04328009436026437,2.6048328926837647,RCA > 1 (Comparative Advantage)
UZB,Uzbekistan,2018,16,Machines,139067549,0.0128377990098216,0.43559956048095255,0.02947156098056476,RCA <= 1 (No Advantage)
UZB,Uzbekistan,2018,17,Transportation,82598708,0.007624968005835377,0.01464331868060708,0.5207131096541335,RCA <= 1 (No Advantage)
UZB,Uzbekistan,2018,18,Instruments,175504120,0.016201382954952426,0.022076206923291472,0.7338843584519575,RCA <= 1 (No Advantage)
UZB,Uzbekistan,2018,19,Weapons,300,2.7694021579013233e-8,1.7183153354201916e-6,0.016116961193412747,RCA <= 1 (No Advantage)
UZB,Uzbekistan,2018,20,Miscellaneous,9936920,9.173109230297607e-4,0.03911455377901882,0.02345190816216877,RCA <= 1 (No Advantage)
UZB,Uzbekistan,2018,21,Arts and Antiques,958203,8.845498186358407e-5,3.2941199201076467e-5,2.6852386679563716,RCA > 1 (Comparative Advantage)
UZB,Uzbekistan,2019,01,Animal Products,17950216,0.0012565647757707694,0.018849834140919036,0.06666184786438151,RCA <= 1 (No Advantage)
UZB,Uzbekistan,2019,02,Vegetable Products,1465126398,0.10256290084635777,0.044634823453816364,2.297822482763477,RCA > 1 (Comparative Advantage)
UZB,Uzbekistan,2019,03,Animal and Vegetable Bi-Products,19555299,0.0013689250259197633,7.193653750811249e-4,1.9029620737102972,RCA > 1 (Comparative Advantage)
UZB,Uzbekistan,2019,04,Foodstuffs,114687456,0.00802843918047337,0.01940878048906356,0.4136498521891794,RCA <= 1 (No Advantage)
UZB,Uzbekistan,2019,05,Mineral Products,2605641116,0.1824020861178293,0.026962304536171645,6.765077735589156,RCA > 1 (Comparative Advantage)
UZB,Uzbekistan,2019,06,Chemical Products,379306942,0.026552535218658437,0.016371472524055537,1.6218782506975646,RCA > 1 (Comparative Advantage)
UZB,Uzbekistan,2019,07,Plastics and Rubbers,417503812,0.029226421782847706,0.030870453342598404,0.9467441717973709,RCA <= 1 (No Advantage)
UZB,Uzbekistan,2019,08,Animal Hides,52739823,0.0036919335044316493,0.015389643848233674,0.23989726733379774,RCA <= 1 (No Advantage)
UZB,Uzbekistan,2019,09,Wood Products,2631651,1.8422284994909927e-4,0.013017247170872697,0.014152212639959319,RCA <= 1 (No Advantage)
UZB,Uzbekistan,2019,10,Paper Goods,41568749,0.0029099274218347226,0.004891409289144151,0.5949057316248161,RCA <= 1 (No Advantage)
UZB,Uzbekistan,2019,11,Textiles,1973510494,0.1381511939117819,0.1386027038625041,0.9967424159981029,RCA <= 1 (No Advantage)
UZB,Uzbekistan,2019,12,Footwear and Headwear,36972513,0.0025881781872444795,0.07780320331460396,0.03326570214312331,RCA <= 1 (No Advantage)
UZB,Uzbekistan,2019,13,Stone And Glass,47022086,0.003291676097427676,0.006862492368026686,0.4796618955474627,RCA <= 1 (No Advantage)
UZB,Uzbekistan,2019,14,Precious Metals,5418552299,0.3793136502978639,0.023091492725497598,16.426553917799616,RCA > 1 (Comparative Advantage)
UZB,Uzbekistan,2019,15,Metals,1168389515,0.0817904981716595,0.039130660656684364,2.0901895546628833,RCA > 1 (Comparative Advantage)
UZB,Uzbekistan,2019,16,Machines,205820698,0.014408018222808752,0.4463947016051592,0.03227640957878751,RCA <= 1 (No Advantage)
UZB,Uzbekistan,2019,17,Transportation,193410168,0.013539246791498599,0.013991263599196021,0.967692924624521,RCA <= 1 (No Advantage)
UZB,Uzbekistan,2019,18,Instruments,109669388,0.007677160538967191,0.018011157563906935,0.426244704801854,RCA <= 1 (No Advantage)
UZB,Uzbekistan,2019,19,Weapons,335074,2.345610691685352e-5,2.1673615017033272e-6,10.822424823186806,RCA > 1 (Comparative Advantage)
UZB,Uzbekistan,2019,20,Miscellaneous,14073916,9.852130527430224e-4,0.04496623434857377,0.02191006356248889,RCA <= 1 (No Advantage)
UZB,Uzbekistan,2019,21,Arts and Antiques,682143,4.7751897015534514e-5,2.858842438948986e-5,1.6703227979604864,RCA > 1 (Comparative Advantage)
UZB,Uzbekistan,2020,01,Animal Products,26498579,0.0019067225235797475,0.015513180426238051,0.1229098399677498,RCA <= 1 (No Advantage)
UZB,Uzbekistan,2020,02,Vegetable Products,1389474460,0.09998054042146211,0.04271656891629672,2.340556438822939,RCA > 1 (Comparative Advantage)
UZB,Uzbekistan,2020,03,Animal and Vegetable Bi-Products,31390438,0.002258719426412775,8.029382943373054e-4,2.8130672585207552,RCA > 1 (Comparative Advantage)
UZB,Uzbekistan,2020,04,Foodstuffs,111171376,0.007999408820999532,0.01949950210250955,0.41023656803883324,RCA <= 1 (No Advantage)
UZB,Uzbekistan,2020,05,Mineral Products,931983791,0.06706150114354963,0.018805191239734384,3.566116413740701,RCA > 1 (Comparative Advantage)
UZB,Uzbekistan,2020,06,Chemical Products,460536256,0.03313818647559511,0.016068671160961154,2.0622854337889716,RCA > 1 (Comparative Advantage)
UZB,Uzbekistan,2020,07,Plastics and Rubbers,341131240,0.02454632072175223,0.031119051097529857,0.7887875708299039,RCA <= 1 (No Advantage)
UZB,Uzbekistan,2020,08,Animal Hides,35828917,0.0025780930758350974,0.011813152064162247,0.2182392186126428,RCA <= 1 (No Advantage)
UZB,Uzbekistan,2020,09,Wood Products,5937915,4.272665441268393e-4,0.012323853898766677,0.034669880675037734,RCA <= 1 (No Advantage)
UZB,Uzbekistan,2020,10,Paper Goods,41689738,0.0029998122709424717,0.005632030433199289,0.5326342438171843,RCA <= 1 (No Advantage)
UZB,Uzbekistan,2020,11,Textiles,2135167106,0.15363734080294594,0.12432272125892237,1.2357945454151626,RCA > 1 (Comparative Advantage)
UZB,Uzbekistan,2020,12,Footwear and Headwear,39283417,0.0028266638749600706,0.0644809334334713,0.043837204650216524,RCA <= 1 (No Advantage)
UZB,Uzbekistan,2020,13,Stone And Glass,69468021,0.004998616729946572,0.00695524818090169,0.7186827270480725,RCA <= 1 (No Advantage)
UZB,Uzbekistan,2020,14,Precious Metals,6651319849,0.47860005503017145,0.03699773148731435,12.935929739213123,RCA > 1 (Comparative Advantage)
UZB,Uzbekistan,2020,15,Metals,1121882928,0.08072581732164567,0.03913685713857624,2.062654572282357,RCA > 1 (Comparative Advantage)
UZB,Uzbekistan,2020,16,Machines,241565990,0.017382038261894724,0.47037379084107206,0.03695367088972799,RCA <= 1 (No Advantage)
UZB,Uzbekistan,2020,17,Transportation,225595793,0.01623289232746912,0.014447887716664328,1.1235477909165885,RCA > 1 (Comparative Advantage)
UZB,Uzbekistan,2020,18,Instruments,9868767,7.101135618955466e-4,0.014676748922360417,0.04838357361374969,RCA <= 1 (No Advantage)
UZB,Uzbekistan,2020,19,Weapons,747,5.37508718906803e-8,1.1225276855472646e-6,0.04788378280797164,RCA <= 1 (No Advantage)
UZB,Uzbekistan,2020,20,Miscellaneous,27335774,0.0019669634354840555,0.0542910847875168,0.036229952729482415,RCA <= 1 (No Advantage)
UZB,Uzbekistan,2020,21,Arts and Antiques,317883,2.2873478459471386e-5,2.1734071779675678e-5,1.0524249064485565,RCA > 1 (Comparative Advantage)
UZB,Uzbekistan,2021,01,Animal Products,40212683,0.002725448367280571,0.01435670257531776,0.18983804623536601,RCA <= 1 (No Advantage)
UZB,Uzbekistan,2021,02,Vegetable Products,1355895478,0.09189695491639316,0.036327820703539564,2.5296577977065184,RCA > 1 (Comparative Advantage)
UZB,Uzbekistan,2021,03,Animal and Vegetable Bi-Products,6602321,4.4747785144582937e-4,9.807205172281408e-4,0.45627458953398703,RCA <= 1 (No Advantage)
UZB,Uzbekistan,2021,04,Foodstuffs,150137161,0.01017567219565007,0.018415659014002154,0.5525554197063001,RCA <= 1 (No Advantage)
UZB,Uzbekistan,2021,05,Mineral Products,1085271665,0.07355519867774346,0.01904906644157641,3.8613545132690703,RCA > 1 (Comparative Advantage)
UZB,Uzbekistan,2021,06,Chemical Products,924782216,0.06267789146740864,0.01898734806044155,3.3010345240361634,RCA > 1 (Comparative Advantage)
UZB,Uzbekistan,2021,07,Plastics and Rubbers,459886011,0.03116916068035363,0.036749374492256286,0.8481548627969572,RCA <= 1 (No Advantage)
UZB,Uzbekistan,2021,08,Animal Hides,45977061.99999999,0.0031161339958405056,0.010608909390199404,0.29372802436405154,RCA <= 1 (No Advantage)
UZB,Uzbekistan,2021,09,Wood Products,16624873,0.0011267647317662651,0.013604248094785559,0.08282447687778853,RCA <= 1 (No Advantage)
UZB,Uzbekistan,2021,10,Paper Goods,63812788,0.004324965306747158,0.005363100018405899,0.8064301042128782,RCA <= 1 (No Advantage)
UZB,Uzbekistan,2021,11,Textiles,3189205906,0.21615110907743348,0.11880103957898468,1.819437858822151,RCA > 1 (Comparative Advantage)
UZB,Uzbekistan,2021,12,Footwear and Headwear,41308185,0.002799696935505989,0.05932832758698848,0.0471898846533473,RCA <= 1 (No Advantage)
UZB,Uzbekistan,2021,13,Stone And Glass,134735926,0.009131840557138051,0.007902253670805848,1.1555995210423071,RCA > 1 (Comparative Advantage)
UZB,Uzbekistan,2021,14,Precious Metals,4736649406,0.3210303920771262,0.013199379750244435,24.321627087907757,RCA > 1 (Comparative Advantage)
UZB,Uzbekistan,2021,15,Metals,1750583229,0.11864724876146165,0.053440131620596174,2.220190054991074,RCA > 1 (Comparative Advantage)
UZB,Uzbekistan,2021,16,Machines,303300344,0.020556435574080833,0.4874447453216996,0.04217182720990083,RCA <= 1 (No Advantage)
UZB,Uzbekistan,2021,17,Transportation,406644092,0.027560644899165033,0.014833680985486397,1.8579774586045756,RCA > 1 (Comparative Advantage)
UZB,Uzbekistan,2021,18,Instruments,10621076,7.198523471553206e-4,0.01512574223640703,0.04759120814730441,RCA <= 1 (No Advantage)
UZB,Uzbekistan,2021,19,Weapons,2440834,1.6542957454748557e-4,8.053856401251666e-6,20.540417696269806,RCA > 1 (Comparative Advantage)
UZB,Uzbekistan,2021,20,Miscellaneous,29184110,0.001977977568669979,0.05545649936733595,0.035667191244224364,RCA <= 1 (No Advantage)
UZB,Uzbekistan,2021,21,Arts and Antiques,644838,4.370443708668902e-5,1.719671729742899e-5,2.5414406907313114,RCA > 1 (Comparative Advantage)
UZB,Uzbekistan,2022,01,Animal Products,53673563,0.0031589341342716567,0.01745284701349931,0.18099821374863972,RCA <= 1 (No Advantage)
UZB,Uzbekistan,2022,02,Vegetable Products,1502417006,0.08842409743067782,0.03669273511148542,2.409852990299424,RCA > 1 (Comparative Advantage)
UZB,Uzbekistan,2022,03,Animal and Vegetable Bi-Products,35432152,0.0020853438480225683,0.0014359107581557516,1.4522795627640066,RCA > 1 (Comparative Advantage)
UZB,Uzbekistan,2022,04,Foodstuffs,243252768,0.014316535537081154,0.01956932816871193,0.731580328852111,RCA <= 1 (No Advantage)
UZB,Uzbekistan,2022,05,Mineral Products,1504264127,0.08853280893129183,0.01902794474261331,4.652778328340504,RCA > 1 (Comparative Advantage)
UZB,Uzbekistan,2022,06,Chemical Products,976581698,0.0574762897838024,0.020453149822187707,2.810143683661465,RCA > 1 (Comparative Advantage)
UZB,Uzbekistan,2022,07,Plastics and Rubbers,441855882,0.026005235167236972,0.03715850877637095,0.6998460385948982,RCA <= 1 (No Advantage)
UZB,Uzbekistan,2022,08,Animal Hides,48022493,0.0028263428748063865,0.012000911279150784,0.23551068823553423,RCA <= 1 (No Advantage)
UZB,Uzbekistan,2022,09,Wood Products,24096893,0.0014182121247958094,0.0159001357765956,0.08919496944695052,RCA <= 1 (No Advantage)
UZB,Uzbekistan,2022,10,Paper Goods,137041804,0.008065535587375968,0.005868689876704627,1.3743332424825467,RCA > 1 (Comparative Advantage)
UZB,Uzbekistan,2022,11,Textiles,3320520397,0.19542777932645486,0.12218691180642961,1.5994166350325194,RCA > 1 (Comparative Advantage)
UZB,Uzbekistan,2022,12,Footwear and Headwear,51859296,0.0030521562414944875,0.0713714170725675,0.042764405789942235,RCA <= 1 (No Advantage)
UZB,Uzbekistan,2022,13,Stone And Glass,176437949,0.010384178514047626,0.007227892952619917,1.436681282099459,RCA > 1 (Comparative Advantage)
UZB,Uzbekistan,2022,14,Precious Metals,5538765670,0.32598163711797973,0.014473632530208079,22.522448074981856,RCA > 1 (Comparative Advantage)
UZB,Uzbekistan,2022,15,Metals,1852307636,0.10901675781301194,0.04925117550546952,2.2134853979455826,RCA > 1 (Comparative Advantage)
UZB,Uzbekistan,2022,16,Machines,650810698,0.038303179702479644,0.46470570906222136,0.08242459465319604,RCA <= 1 (No Advantage)
UZB,Uzbekistan,2022,17,Transportation,379418052,0.022330483922255326,0.016299238360682762,1.3700323553842377,RCA > 1 (Comparative Advantage)
UZB,Uzbekistan,2022,18,Instruments,15000704,8.828598895829848e-4,0.012034813509968281,0.07335883425627852,RCA <= 1 (No Advantage)
UZB,Uzbekistan,2022,19,Weapons,952191,5.6040785893909505e-5,4.250194315237269e-6,13.185464413473763,RCA > 1 (Comparative Advantage)
UZB,Uzbekistan,2022,20,Miscellaneous,37923634,0.0022319789341770577,0.05686877084929229,0.03924788422264333,RCA <= 1 (No Advantage)
UZB,Uzbekistan,2022,21,Arts and Antiques,401198,2.3612333259886623e-5,1.602683075007397e-5,1.4733002193697993,RCA > 1 (Comparative Advantage)
UZB,Uzbekistan,2023,01,Animal Products,38709723,0.0015847499099740263,0.013191856166285838,0.12013092698995156,RCA <= 1 (No Advantage)
UZB,Uzbekistan,2023,02,Vegetable Products,1791645318,0.07334874900566676,0.04449975049732504,1.6482957361766757,RCA > 1 (Comparative Advantage)
UZB,Uzbekistan,2023,03,Animal and Vegetable Bi-Products,19043050,7.796096028155738e-4,0.0013232068526907097,0.5891819568726206,RCA <= 1 (No Advantage)
UZB,Uzbekistan,2023,04,Foodstuffs,338220008,0.013846498649174381,0.019873462546241717,0.6967330739148373,RCA <= 1 (No Advantage)
UZB,Uzbekistan,2023,05,Mineral Products,1146937334,0.046954839661403666,0.01717681933046345,2.7336166701205427,RCA > 1 (Comparative Advantage)
UZB,Uzbekistan,2023,06,Chemical Products,1407433710,0.05761938532127729,0.019064245947292863,3.022379457366332,RCA > 1 (Comparative Advantage)
UZB,Uzbekistan,2023,07,Plastics and Rubbers,456446029,0.01868659208348641,0.033716814890262535,0.5542217479410585,RCA <= 1 (No Advantage)
UZB,Uzbekistan,2023,08,Animal Hides,57589822,0.0023576884089281706,0.011656780939998976,0.20225896163476995,RCA <= 1 (No Advantage)
UZB,Uzbekistan,2023,09,Wood Products,23070026,9.444712799055278e-4,0.013641320210373549,0.06923606112458999,RCA <= 1 (No Advantage)
UZB,Uzbekistan,2023,10,Paper Goods,129410336,0.0052979717350524185,0.0064354221578727415,0.8232516228280644,RCA <= 1 (No Advantage)
UZB,Uzbekistan,2023,11,Textiles,3830070339,0.15680049234463492,0.11234532575596733,1.3957010787011432,RCA > 1 (Comparative Advantage)
UZB,Uzbekistan,2023,12,Footwear and Headwear,45946778,0.0018810300528137743,0.06804620538495762,0.027643423202987263,RCA <= 1 (No Advantage)
UZB,Uzbekistan,2023,13,Stone And Glass,163441251,0.006691174406189686,0.006016265120154548,1.1121807753741082,RCA > 1 (Comparative Advantage)
UZB,Uzbekistan,2023,14,Precious Metals,11433677761,0.46808704372327276,0.027516651889799584,17.011046460081594,RCA > 1 (Comparative Advantage)
UZB,Uzbekistan,2023,15,Metals,1975591567,0.08087938417819977,0.04621547320039453,1.7500498983857495,RCA > 1 (Comparative Advantage)
UZB,Uzbekistan,2023,16,Machines,834657457,0.03417031245198783,0.4808653739814622,0.07106003946398755,RCA <= 1 (No Advantage)
UZB,Uzbekistan,2023,17,Transportation,644649972,0.02639153437217204,0.017243100279977813,1.5305562192210367,RCA > 1 (Comparative Advantage)
UZB,Uzbekistan,2023,18,Instruments,29568915,0.0012105314053598275,0.013903771999215046,0.08706496376869309,RCA <= 1 (No Advantage)
UZB,Uzbekistan,2023,19,Weapons,57,2.333541494691644e-9,2.910389028432147e-6,8.017971040623198e-4,RCA <= 1 (No Advantage)
UZB,Uzbekistan,2023,20,Miscellaneous,35253086,0.0014432375262619836,0.04718098783457478,0.03058938764322273,RCA <= 1 (No Advantage)
UZB,Uzbekistan,2023,21,Arts and Antiques,25029762,0.001024701547881686,8.425462566074868e-5,12.161961908271335,RCA > 1 (Comparative Advantage)
VNM,Vietnam,2010,08,Animal Hides,1433126801,0.01789711058186134,0.016711270825543002,1.0709604774345345,RCA > 1 (Comparative Advantage)
VNM,Vietnam,2010,01,Animal Products,4074008925,0.050876857645351534,0.04718575750138961,1.0782248784255126,RCA > 1 (Comparative Advantage)
VNM,Vietnam,2010,03,Animal and Vegetable Bi-Products,106879468,0.001334727434021737,0.0012549003742064516,1.0636122687155662,RCA > 1 (Comparative Advantage)
VNM,Vietnam,2010,21,Arts and Antiques,3565433,4.452568232531269e-5,4.8925551123457536e-5,0.9100701229293805,RCA <= 1 (No Advantage)
VNM,Vietnam,2010,06,Chemical Products,1393296442,0.01739970285838507,0.025993047732391188,0.6693983344131847,RCA <= 1 (No Advantage)
VNM,Vietnam,2010,04,Foodstuffs,2016480431,0.02518212152238329,0.024087220449705706,1.0454556836461786,RCA > 1 (Comparative Advantage)
VNM,Vietnam,2010,12,Footwear and Headwear,8252665121,0.10306056670110875,0.09539015812039944,1.080410901206683,RCA > 1 (Comparative Advantage)
VNM,Vietnam,2010,18,Instruments,842683745,0.010523565785859616,0.009908328033162828,1.0620929939579724,RCA > 1 (Comparative Advantage)
VNM,Vietnam,2010,16,Machines,13308354568,0.16619680352074825,0.15536692624912973,1.0697051652695562,RCA > 1 (Comparative Advantage)
VNM,Vietnam,2010,15,Metals,3172090738,0.03961356292693053,0.04477313033615681,0.8847619683839787,RCA <= 1 (No Advantage)
VNM,Vietnam,2010,05,Mineral Products,8895795298,0.1110920764658201,0.11796220798876374,0.9417598937822693,RCA <= 1 (No Advantage)
VNM,Vietnam,2010,20,Miscellaneous,5035659806,0.06288610354487148,0.058305610512123206,1.078560073250513,RCA > 1 (Comparative Advantage)
VNM,Vietnam,2010,10,Paper Goods,432793423,0.005404791638205704,0.005133645999145506,1.05281736198899,RCA > 1 (Comparative Advantage)
VNM,Vietnam,2010,07,Plastics and Rubbers,3208026730,0.040062337189085216,0.03812155308585897,1.0509104153982167,RCA > 1 (Comparative Advantage)
VNM,Vietnam,2010,14,Precious Metals,1344460605,0.016789833323786398,0.018958795452395483,0.8855959950591148,RCA <= 1 (No Advantage)
VNM,Vietnam,2010,13,Stone And Glass,952334918,0.011892906703385175,0.011125226405544622,1.0690035662966781,RCA > 1 (Comparative Advantage)
VNM,Vietnam,2010,11,Textiles,15044773486,0.18788147327236923,0.19448515319700352,0.9660453262571406,RCA <= 1 (No Advantage)
VNM,Vietnam,2010,17,Transportation,1570360621,0.01961090788883896,0.02410999626737611,0.813393236206138,RCA <= 1 (No Advantage)
VNM,Vietnam,2010,02,Vegetable Products,7774683724,0.09709146060930134,0.09704343763778592,1.0004948605767106,RCA > 1 (Comparative Advantage)
VNM,Vietnam,2010,19,Weapons,838934,1.0476738386586953e-5,9.694307580638347e-6,1.0807103343317983,RCA > 1 (Comparative Advantage)
VNM,Vietnam,2010,09,Wood Products,1212996408,0.015148087966974385,0.014025013973214076,1.0800764973143864,RCA > 1 (Comparative Advantage)
VNM,Vietnam,2011,08,Animal Hides,1858124967,0.01787105552830467,0.016873851142358502,1.059097616633756,RCA > 1 (Comparative Advantage)
VNM,Vietnam,2011,01,Animal Products,4879422499,0.046929260396557676,0.04408056224243694,1.0646248144126043,RCA > 1 (Comparative Advantage)
VNM,Vietnam,2011,03,Animal and Vegetable Bi-Products,208562691,0.002005912141642112,0.0018839641487800943,1.0647294657602595,RCA > 1 (Comparative Advantage)
VNM,Vietnam,2011,21,Arts and Antiques,4726924,4.5462561874115336e-5,5.4679123838334874e-5,0.831442764308562,RCA <= 1 (No Advantage)
VNM,Vietnam,2011,06,Chemical Products,2093501742,0.02013485989604302,0.025108171589270405,0.8019245776003596,RCA <= 1 (No Advantage)
VNM,Vietnam,2011,04,Foodstuffs,2641093856,0.02540148579578302,0.024365125558440136,1.042534574051636,RCA > 1 (Comparative Advantage)
VNM,Vietnam,2011,12,Footwear and Headwear,9791777489,0.09417525857221995,0.08838441285440751,1.0655188571241796,RCA > 1 (Comparative Advantage)
VNM,Vietnam,2011,18,Instruments,1042504730,0.010026591456025717,0.009457602747913955,1.0601620435196712,RCA > 1 (Comparative Advantage)
VNM,Vietnam,2011,16,Machines,21327836445,0.20512664980901418,0.19361530636743815,1.0594547180052496,RCA > 1 (Comparative Advantage)
VNM,Vietnam,2011,15,Metals,4431628867,0.04262247532837489,0.047603212786236915,0.8953697205222657,RCA <= 1 (No Advantage)
VNM,Vietnam,2011,05,Mineral Products,11392627561,0.10957189821556561,0.11747162651935444,0.93275203095543,RCA <= 1 (No Advantage)
VNM,Vietnam,2011,20,Miscellaneous,5306470195,0.051036515411150334,0.047936018147763194,1.0646799084110372,RCA > 1 (Comparative Advantage)
VNM,Vietnam,2011,10,Paper Goods,471879038,0.0045384334425882505,0.004399728122775917,1.031525884314147,RCA > 1 (Comparative Advantage)
VNM,Vietnam,2011,07,Plastics and Rubbers,4228686840,0.04067062155214623,0.03891288862663983,1.045170970018994,RCA > 1 (Comparative Advantage)
VNM,Vietnam,2011,14,Precious Metals,1307101981,0.012571432222517482,0.013639299913400155,0.9217065613585101,RCA <= 1 (No Advantage)
VNM,Vietnam,2011,13,Stone And Glass,1047198769,0.010071737736879187,0.009648256574427727,1.043891988069003,RCA > 1 (Comparative Advantage)
VNM,Vietnam,2011,11,Textiles,18713575441,0.17998323674600814,0.18333766609037594,0.9817035450712335,RCA <= 1 (No Advantage)
VNM,Vietnam,2011,17,Transportation,1947320042,0.018728915019181582,0.024020717692918133,0.7796983944698415,RCA <= 1 (No Advantage)
VNM,Vietnam,2011,02,Vegetable Products,9454305985,0.09092952855173501,0.09272938117793425,0.9805902659617066,RCA <= 1 (No Advantage)
VNM,Vietnam,2011,19,Weapons,1713298,1.64781401887989e-5,1.5452321975047353e-5,1.0663860237579863,RCA > 1 (Comparative Advantage)
VNM,Vietnam,2011,09,Wood Products,1823931659,0.017542191476200026,0.01646207625131442,1.0656123327578053,RCA > 1 (Comparative Advantage)
VNM,Vietnam,2012,08,Animal Hides,2124046347,0.016298857503231998,0.01576807113761032,1.0336620986162115,RCA > 1 (Comparative Advantage)
VNM,Vietnam,2012,01,Animal Products,4799492703,0.03682887982387268,0.035325893536964754,1.0425463063046152,RCA > 1 (Comparative Advantage)
VNM,Vietnam,2012,03,Animal and Vegetable Bi-Products,316667998,0.0024299500726646596,0.002327355424105098,1.0440820716496324,RCA > 1 (Comparative Advantage)
VNM,Vietnam,2012,21,Arts and Antiques,4434415,3.402745815658726e-5,4.1618456385855174e-5,0.8176050029609493,RCA <= 1 (No Advantage)
VNM,Vietnam,2012,06,Chemical Products,2326005264,0.017848588098489136,0.02130117186854004,0.8379157826922158,RCA <= 1 (No Advantage)
VNM,Vietnam,2012,04,Foodstuffs,2813136286,0.02158658521149741,0.021120388743148522,1.0220732901282472,RCA > 1 (Comparative Advantage)
VNM,Vietnam,2012,12,Footwear and Headwear,10632689273,0.08158988036279909,0.07818731070653043,1.0435181824969006,RCA > 1 (Comparative Advantage)
VNM,Vietnam,2012,18,Instruments,1255715493,0.009635725658206515,0.009307040698326143,1.0353157325227433,RCA > 1 (Comparative Advantage)
VNM,Vietnam,2012,16,Machines,39803830675,0.3054344671767182,0.2932757769716993,1.0414582149626088,RCA > 1 (Comparative Advantage)
VNM,Vietnam,2012,15,Metals,4799153669,0.03682627824841151,0.04093199237017936,0.8996942517569941,RCA <= 1 (No Advantage)
VNM,Vietnam,2012,05,Mineral Products,12676655537,0.0972742438068466,0.09609379342337657,1.0122843561630368,RCA > 1 (Comparative Advantage)
VNM,Vietnam,2012,20,Miscellaneous,6120411433,0.04696494214851469,0.04504062668918195,1.0427239938869441,RCA > 1 (Comparative Advantage)
VNM,Vietnam,2012,10,Paper Goods,591290805,0.004537266612509722,0.004469819191912729,1.0150895187704743,RCA > 1 (Comparative Advantage)
VNM,Vietnam,2012,07,Plastics and Rubbers,5139582328,0.039438555617450174,0.038220528508701286,1.0318684004715317,RCA > 1 (Comparative Advantage)
VNM,Vietnam,2012,14,Precious Metals,548469897,0.004208680619724411,0.009144625100394654,0.4602354468903025,RCA <= 1 (No Advantage)
VNM,Vietnam,2012,13,Stone And Glass,1288760350,0.00988929517952058,0.009721785641712591,1.017230326195351,RCA > 1 (Comparative Advantage)
VNM,Vietnam,2012,11,Textiles,20035160413,0.15373968891361567,0.15996113717701504,0.9611065014090601,RCA <= 1 (No Advantage)
VNM,Vietnam,2012,17,Transportation,2215217219,0.016998456668416036,0.02172211433643947,0.7825415337171224,RCA <= 1 (No Advantage)
VNM,Vietnam,2012,02,Vegetable Products,10877835205,0.08347100627081346,0.08369908419994837,0.9972750247948943,RCA <= 1 (No Advantage)
VNM,Vietnam,2012,19,Weapons,2076240,1.5932015772775602e-5,1.5559520740856785e-5,1.023940006772876,RCA > 1 (Comparative Advantage)
VNM,Vietnam,2012,09,Wood Products,1948094568,0.014948692532768117,0.014324306297086668,1.04358928263133,RCA > 1 (Comparative Advantage)
VNM,Vietnam,2013,08,Animal Hides,2577101075,0.017249237942154615,0.016511031056773533,1.044709920467277,RCA > 1 (Comparative Advantage)
VNM,Vietnam,2013,01,Animal Products,4922505975,0.03294767041081336,0.03133328958623104,1.0515228642093084,RCA > 1 (Comparative Advantage)
VNM,Vietnam,2013,03,Animal and Vegetable Bi-Products,242649120,0.0016241165113535286,0.0015416564638023964,1.0534879523987788,RCA > 1 (Comparative Advantage)
VNM,Vietnam,2013,21,Arts and Antiques,4287865,2.8699845871911253e-5,4.510674434298974e-5,0.6362650705552779,RCA <= 1 (No Advantage)
VNM,Vietnam,2013,06,Chemical Products,2312361113,0.015477261421080458,0.018940555523085607,0.8171492859444418,RCA <= 1 (No Advantage)
VNM,Vietnam,2013,04,Foodstuffs,3383772297,0.022648507681455248,0.02188544471518699,1.034866230784826,RCA > 1 (Comparative Advantage)
VNM,Vietnam,2013,12,Footwear and Headwear,12074766805,0.0808196961058173,0.07674349693050882,1.0531145874027539,RCA > 1 (Comparative Advantage)
VNM,Vietnam,2013,18,Instruments,1485127573,0.009940362498638746,0.00949471441038082,1.046936439475282,RCA > 1 (Comparative Advantage)
VNM,Vietnam,2013,16,Machines,52602444312,0.3520824569430695,0.3348979181193647,1.051312766947628,RCA > 1 (Comparative Advantage)
VNM,Vietnam,2013,15,Metals,5078302146,0.033990456528178045,0.037102260798722975,0.916128985038776,RCA <= 1 (No Advantage)
VNM,Vietnam,2013,05,Mineral Products,11114969070,0.0743955089957498,0.07904753453214593,0.9411490116177589,RCA <= 1 (No Advantage)
VNM,Vietnam,2013,20,Miscellaneous,6857279712,0.045897636897379926,0.04360131447810264,1.0526663575803554,RCA > 1 (Comparative Advantage)
VNM,Vietnam,2013,10,Paper Goods,644130974,0.004311343681558088,0.004185242631120756,1.0301299259210603,RCA > 1 (Comparative Advantage)
VNM,Vietnam,2013,07,Plastics and Rubbers,5170541369,0.034607838718019576,0.033192631807214934,1.0426361765775085,RCA > 1 (Comparative Advantage)
VNM,Vietnam,2013,14,Precious Metals,928218953,0.006212821739137504,0.017383444491401202,0.3573987734255259,RCA <= 1 (No Advantage)
VNM,Vietnam,2013,13,Stone And Glass,1372168710,0.009184298126750558,0.008970374677905282,1.023847771863107,RCA > 1 (Comparative Advantage)
VNM,Vietnam,2013,11,Textiles,24131839496,0.16152096069743346,0.16460506486728171,0.9812636131680704,RCA <= 1 (No Advantage)
VNM,Vietnam,2013,17,Transportation,2151390080,0.014399838545840137,0.01797373035722391,0.8011602633202198,RCA <= 1 (No Advantage)
VNM,Vietnam,2013,02,Vegetable Products,9825799856,0.06576674905470387,0.0665068080342777,0.9888724327411351,RCA <= 1 (No Advantage)
VNM,Vietnam,2013,19,Weapons,481437,3.222388693915349e-6,3.0572847585757778e-6,1.0540034535142497,RCA > 1 (Comparative Advantage)
VNM,Vietnam,2013,09,Wood Products,2523626080,0.016891315266300496,0.016035322490167456,1.0533817000972645,RCA > 1 (Comparative Advantage)
VNM,Vietnam,2014,08,Animal Hides,3308399454,0.019687763365112226,0.019063782807720354,1.032731203648584,RCA > 1 (Comparative Advantage)
VNM,Vietnam,2014,01,Animal Products,5733222072,0.034117500332888885,0.03289684829484208,1.03710544022657,RCA > 1 (Comparative Advantage)
VNM,Vietnam,2014,03,Animal and Vegetable Bi-Products,257918490,0.001534832256264501,0.0014780562068567294,1.0384126457061555,RCA > 1 (Comparative Advantage)
VNM,Vietnam,2014,21,Arts and Antiques,6188727,3.682813831926139e-5,4.311235346003397e-5,0.8542363235493935,RCA <= 1 (No Advantage)
VNM,Vietnam,2014,06,Chemical Products,2850463674,0.01696265976187058,0.019379610268368628,0.8752838435330667,RCA <= 1 (No Advantage)
VNM,Vietnam,2014,04,Foodstuffs,4041059971,0.0240477105499109,0.023474710150583236,1.0244092640825824,RCA > 1 (Comparative Advantage)
VNM,Vietnam,2014,12,Footwear and Headwear,14576070534,0.0867398968766052,0.08354896584801827,1.038192346203201,RCA > 1 (Comparative Advantage)
VNM,Vietnam,2014,18,Instruments,1994904169,0.011871360082550613,0.011462821340840677,1.0356403305575705,RCA > 1 (Comparative Advantage)
VNM,Vietnam,2014,16,Machines,58136472834,0.34596098081633503,0.3335630918939808,1.037168047735613,RCA > 1 (Comparative Advantage)
VNM,Vietnam,2014,15,Metals,6065391909,0.03609419064456728,0.039454324715644036,0.9148348350835053,RCA <= 1 (No Advantage)
VNM,Vietnam,2014,05,Mineral Products,10357766381,0.061637434153754646,0.0655036655035128,0.9409768702249064,RCA <= 1 (No Advantage)
VNM,Vietnam,2014,20,Miscellaneous,8185458416,0.04871037206052396,0.0469265853159104,1.0380122852026221,RCA > 1 (Comparative Advantage)
VNM,Vietnam,2014,10,Paper Goods,670506190,0.003990076587518073,0.003936040672036771,1.0137284952020935,RCA > 1 (Comparative Advantage)
VNM,Vietnam,2014,07,Plastics and Rubbers,5379893362,0.03201489690506824,0.031118323904807753,1.0288117381579784,RCA > 1 (Comparative Advantage)
VNM,Vietnam,2014,14,Precious Metals,502255715,0.0029888445464890485,0.011163891933329374,0.26772424566077774,RCA <= 1 (No Advantage)
VNM,Vietnam,2014,13,Stone And Glass,1732321044,0.010308769319086026,0.010139566567444431,1.016687375196575,RCA > 1 (Comparative Advantage)
VNM,Vietnam,2014,11,Textiles,27617726431,0.16434873424928736,0.16538235418539074,0.9937501195868532,RCA <= 1 (No Advantage)
VNM,Vietnam,2014,17,Transportation,2907938547,0.017304683666419282,0.01938307021529199,0.8927730991123896,RCA <= 1 (No Advantage)
VNM,Vietnam,2014,02,Vegetable Products,10922374361,0.06499732719534443,0.06605200997209938,0.9840325407629464,RCA <= 1 (No Advantage)
VNM,Vietnam,2014,19,Weapons,295036,1.755712704270459e-6,1.6929711321965295e-6,1.0370600365716374,RCA > 1 (Comparative Advantage)
VNM,Vietnam,2014,09,Wood Products,2796811272,0.01664338277938022,0.0160274748787293,1.0384282555618485,RCA > 1 (Comparative Advantage)
VNM,Vietnam,2015,08,Animal Hides,3982436060,0.021490143208878872,0.02090493679337081,1.0279936945656607,RCA > 1 (Comparative Advantage)
VNM,Vietnam,2015,01,Animal Products,5123394205,0.02764701642968503,0.026790644810191385,1.0319653231775845,RCA > 1 (Comparative Advantage)
VNM,Vietnam,2015,03,Animal and Vegetable Bi-Products,268076369,0.0014466018974140808,0.0013998674736454958,1.033384891533254,RCA > 1 (Comparative Advantage)
VNM,Vietnam,2015,21,Arts and Antiques,4515778,2.436817928961416e-5,3.499436966466241e-5,0.6963457128425244,RCA <= 1 (No Advantage)
VNM,Vietnam,2015,06,Chemical Products,2896748642,0.015631523574720092,0.018437529714805383,0.8478100817469023,RCA <= 1 (No Advantage)
VNM,Vietnam,2015,04,Foodstuffs,3946469888,0.0212960614520571,0.020824543477627477,1.022642415903916,RCA > 1 (Comparative Advantage)
VNM,Vietnam,2015,12,Footwear and Headwear,16508745639,0.0890849978847029,0.08621420899929118,1.0332983265604783,RCA > 1 (Comparative Advantage)
VNM,Vietnam,2015,18,Instruments,2251187984,0.01214792941741978,0.012351142060512587,0.9835470564505535,RCA <= 1 (No Advantage)
VNM,Vietnam,2015,16,Machines,73166637276,0.39482404475147687,0.38211058806056614,1.0332716681718739,RCA > 1 (Comparative Advantage)
VNM,Vietnam,2015,15,Metals,5931884024,0.03200981390627039,0.034716546316604056,0.9220333616815132,RCA <= 1 (No Advantage)
VNM,Vietnam,2015,05,Mineral Products,6224423857,0.033588426295962225,0.036014160711776905,0.9326449827547572,RCA <= 1 (No Advantage)
VNM,Vietnam,2015,20,Miscellaneous,9224265607,0.04977626405159811,0.04816778677481479,1.033393215351641,RCA > 1 (Comparative Advantage)
VNM,Vietnam,2015,10,Paper Goods,664013855,0.0035831718630605536,0.003575239360661916,1.002218733236694,RCA > 1 (Comparative Advantage)
VNM,Vietnam,2015,07,Plastics and Rubbers,5498870198,0.02967317146130304,0.02893914806527132,1.0253643747347418,RCA > 1 (Comparative Advantage)
VNM,Vietnam,2015,14,Precious Metals,532449484,0.002873220182385969,0.012805208228190782,0.22437902853157424,RCA <= 1 (No Advantage)
VNM,Vietnam,2015,13,Stone And Glass,1874223068,0.010113739813993229,0.009862165398601545,1.0255090444363626,RCA > 1 (Comparative Advantage)
VNM,Vietnam,2015,11,Textiles,30095158037,0.1624004117994482,0.16443121938315053,0.9876495011633392,RCA <= 1 (No Advantage)
VNM,Vietnam,2015,17,Transportation,2910378456,0.015705073193686324,0.015484990589791674,1.014212640467456,RCA > 1 (Comparative Advantage)
VNM,Vietnam,2015,02,Vegetable Products,11469718185,0.061893243895831,0.06262415690441323,0.9883285772661521,RCA <= 1 (No Advantage)
VNM,Vietnam,2015,19,Weapons,281842,1.520884416227599e-6,1.4708956127520964e-6,1.0339852828726384,RCA > 1 (Comparative Advantage)
VNM,Vietnam,2015,09,Wood Products,2740664185,0.014789255856400441,0.014309451611435367,1.0335305823027936,RCA > 1 (Comparative Advantage)
VNM,Vietnam,2016,08,Animal Hides,4216979978,0.020329383450679372,0.01974612448550334,1.029537895681972,RCA > 1 (Comparative Advantage)
VNM,Vietnam,2016,01,Animal Products,5357353202,0.025826939680144465,0.024981000206197906,1.033863314797807,RCA > 1 (Comparative Advantage)
VNM,Vietnam,2016,03,Animal and Vegetable Bi-Products,160050012,7.715754123112971e-4,7.461940911761265e-4,1.0340143689628598,RCA > 1 (Comparative Advantage)
VNM,Vietnam,2016,21,Arts and Antiques,5536083,2.668856734177916e-5,3.4337133727814744e-5,0.7772508781115917,RCA <= 1 (No Advantage)
VNM,Vietnam,2016,06,Chemical Products,2977920478,0.014356076528398543,0.01596220386025587,0.8993793497490401,RCA <= 1 (No Advantage)
VNM,Vietnam,2016,04,Foodstuffs,4499477875,0.021691260457941633,0.021169060936180383,1.024668053218589,RCA > 1 (Comparative Advantage)
VNM,Vietnam,2016,12,Footwear and Headwear,17924487169,0.08641107492006768,0.08339461383326774,1.0361709341664536,RCA > 1 (Comparative Advantage)
VNM,Vietnam,2016,18,Instruments,3152998591,0.015200100002915114,0.015334577557841293,0.9912304362856469,RCA <= 1 (No Advantage)
VNM,Vietnam,2016,16,Machines,89372270323,0.430849366782087,0.41575170943926637,1.0363141197018364,RCA > 1 (Comparative Advantage)
VNM,Vietnam,2016,15,Metals,6776345298,0.03266767276011244,0.03440653597426706,0.9494612530754294,RCA <= 1 (No Advantage)
VNM,Vietnam,2016,05,Mineral Products,4962321950,0.02392255743531372,0.026999666862574063,0.8860315779849225,RCA <= 1 (No Advantage)
VNM,Vietnam,2016,20,Miscellaneous,8924554153,0.04302384276169548,0.041511381244048885,1.0364348637005043,RCA > 1 (Comparative Advantage)
VNM,Vietnam,2016,10,Paper Goods,728662982,0.0035127672516052626,0.00348051769595314,1.0092657352926606,RCA > 1 (Comparative Advantage)
VNM,Vietnam,2016,07,Plastics and Rubbers,5840473725,0.02815598615800274,0.02915997063061923,0.9655697707883744,RCA <= 1 (No Advantage)
VNM,Vietnam,2016,14,Precious Metals,846841348,0.004082486180915467,0.017327334611517208,0.23560958869010948,RCA <= 1 (No Advantage)
VNM,Vietnam,2016,13,Stone And Glass,1876416980,0.00904590500756363,0.00877395009674003,1.0309957211774712,RCA > 1 (Comparative Advantage)
VNM,Vietnam,2016,11,Textiles,31847095622,0.15352973503970718,0.15430213574950027,0.9949942318941908,RCA <= 1 (No Advantage)
VNM,Vietnam,2016,17,Transportation,3243147699,0.0156346943794191,0.015231809515175315,1.0264502299508405,RCA > 1 (Comparative Advantage)
VNM,Vietnam,2016,02,Vegetable Products,11947416233,0.05759657553809905,0.05879340236480228,0.979643518174418,RCA <= 1 (No Advantage)
VNM,Vietnam,2016,19,Weapons,288573,1.3911641034860275e-6,1.3420699261450893e-6,1.0365809384328837,RCA > 1 (Comparative Advantage)
VNM,Vietnam,2016,09,Wood Products,2772114826,0.013363920521575529,0.01289213164145952,1.0365951025972147,RCA > 1 (Comparative Advantage)
VNM,Vietnam,2017,08,Animal Hides,4509270487,0.0172085825927918,0.016994543395914125,1.0125945835608112,RCA > 1 (Comparative Advantage)
VNM,Vietnam,2017,01,Animal Products,5827611997,0.022239726505259617,0.021437556713544765,1.037418900037616,RCA > 1 (Comparative Advantage)
VNM,Vietnam,2017,03,Animal and Vegetable Bi-Products,165412340,6.312577440105465e-4,6.084918116944757e-4,1.0374137036498063,RCA > 1 (Comparative Advantage)
VNM,Vietnam,2017,21,Arts and Antiques,6288978,2.400042260699509e-5,2.6148870701971973e-5,0.9178378248352094,RCA <= 1 (No Advantage)
VNM,Vietnam,2017,06,Chemical Products,3608821764,0.013772229358939006,0.014734996338029948,0.9346611999755907,RCA <= 1 (No Advantage)
VNM,Vietnam,2017,04,Foodstuffs,5152705377,0.01966410227819782,0.019157342574398585,1.026452505185999,RCA > 1 (Comparative Advantage)
VNM,Vietnam,2017,12,Footwear and Headwear,20368169228,0.07773038309289569,0.07465762844285824,1.0411579461352605,RCA > 1 (Comparative Advantage)
VNM,Vietnam,2017,18,Instruments,5938000334,0.02266099793264947,0.02233736254619696,1.0144885227959741,RCA > 1 (Comparative Advantage)
VNM,Vietnam,2017,16,Machines,123536946012,0.4714500371706718,0.45317846794078576,1.0403187055927676,RCA > 1 (Comparative Advantage)
VNM,Vietnam,2017,15,Metals,8731370886,0.03332124730002445,0.0358207059265766,0.9302230773543265,RCA <= 1 (No Advantage)
VNM,Vietnam,2017,05,Mineral Products,5898108125,0.022508758590306953,0.027882424618934077,0.8072740766963991,RCA <= 1 (No Advantage)
VNM,Vietnam,2017,20,Miscellaneous,10232149534,0.039048620140501034,0.03750811607422214,1.0410712194456926,RCA > 1 (Comparative Advantage)
VNM,Vietnam,2017,10,Paper Goods,1052179348,0.004015397893004644,0.003985992963882422,1.0073770649844753,RCA > 1 (Comparative Advantage)
VNM,Vietnam,2017,07,Plastics and Rubbers,7651928407,0.029201806005120505,0.029859666570361446,0.9779682548132025,RCA <= 1 (No Advantage)
VNM,Vietnam,2017,14,Precious Metals,612294145,0.0023366782710622824,0.016020895926166036,0.14585191001995812,RCA <= 1 (No Advantage)
VNM,Vietnam,2017,13,Stone And Glass,2086331416,0.00796199886249411,0.007965016988188887,0.9996210773060181,RCA <= 1 (No Advantage)
VNM,Vietnam,2017,11,Textiles,35648112595,0.13604273499155897,0.13665051309177428,0.9955523174669155,RCA <= 1 (No Advantage)
VNM,Vietnam,2017,17,Transportation,3811165204,0.014544426061130229,0.014606095560249204,0.9957778244798828,RCA <= 1 (No Advantage)
VNM,Vietnam,2017,02,Vegetable Products,14244792770,0.054361940275362425,0.05574031670079679,0.9752714640493843,RCA <= 1 (No Advantage)
VNM,Vietnam,2017,19,Weapons,102995,3.9305647537763045e-7,3.78563487530751e-7,1.0382841671853051,RCA > 1 (Comparative Advantage)
VNM,Vietnam,2017,09,Wood Products,2954373962,0.011274681454936313,0.010827338381235764,1.0413160702981088,RCA > 1 (Comparative Advantage)
VNM,Vietnam,2018,08,Animal Hides,4496822174,0.01588715759253879,0.0157274249904643,1.010156309896333,RCA > 1 (Comparative Advantage)
VNM,Vietnam,2018,01,Animal Products,5890517293,0.020811046760210623,0.020103235365957362,1.035208829890728,RCA > 1 (Comparative Advantage)
VNM,Vietnam,2018,03,Animal and Vegetable Bi-Products,174018808,6.148039926387692e-4,5.99659150909365e-4,1.0252557502148303,RCA > 1 (Comparative Advantage)
VNM,Vietnam,2018,21,Arts and Antiques,8722566,3.0816602322980965e-5,3.2941199201076467e-5,0.9355033535626088,RCA <= 1 (No Advantage)
VNM,Vietnam,2018,06,Chemical Products,4668001876,0.016491931096379333,0.017123711598804613,0.9631049320832182,RCA <= 1 (No Advantage)
VNM,Vietnam,2018,04,Foodstuffs,5856664189,0.020691444610640587,0.020187926814464383,1.0249415306883043,RCA > 1 (Comparative Advantage)
VNM,Vietnam,2018,12,Footwear and Headwear,22762758953,0.08042024450471061,0.07750817663813293,1.0375711053063914,RCA > 1 (Comparative Advantage)
VNM,Vietnam,2018,18,Instruments,6312257856,0.022301045369959305,0.022076206923291472,1.0101846502639282,RCA > 1 (Comparative Advantage)
VNM,Vietnam,2018,16,Machines,127875055306,0.45177929595421795,0.43559956048095255,1.0371435991703046,RCA > 1 (Comparative Advantage)
VNM,Vietnam,2018,15,Metals,11497920058,0.04062185714258995,0.04328009436026437,0.9385806048492593,RCA <= 1 (No Advantage)
VNM,Vietnam,2018,05,Mineral Products,6723611825,0.023754348409071056,0.0322401201981035,0.7367946602900192,RCA <= 1 (No Advantage)
VNM,Vietnam,2018,20,Miscellaneous,11485059281,0.040576420346769365,0.03911455377901882,1.0373739804372943,RCA > 1 (Comparative Advantage)
VNM,Vietnam,2018,10,Paper Goods,1272466740,0.0044955924089081145,0.004470729801705138,1.005561196562023,RCA > 1 (Comparative Advantage)
VNM,Vietnam,2018,07,Plastics and Rubbers,8526968627,0.030125561812750286,0.030684142884257613,0.9817957740056704,RCA <= 1 (No Advantage)
VNM,Vietnam,2018,14,Precious Metals,663831790,0.0023453007156131133,0.011046508646098354,0.2123114905125682,RCA <= 1 (No Advantage)
VNM,Vietnam,2018,13,Stone And Glass,2228043091,0.007871619187955963,0.007684450238659042,1.0243568431682086,RCA > 1 (Comparative Advantage)
VNM,Vietnam,2018,11,Textiles,40275365826,0.1422918361491813,0.14240518771740776,0.9992040207941625,RCA <= 1 (No Advantage)
VNM,Vietnam,2018,17,Transportation,4220783955,0.014911921633204471,0.01464331868060708,1.0183430381087804,RCA > 1 (Comparative Advantage)
VNM,Vietnam,2018,02,Vegetable Products,14455512045,0.051070953898867184,0.0530275574124304,0.9631021376612652,RCA <= 1 (No Advantage)
VNM,Vietnam,2018,19,Weapons,504679,1.7830179839005758e-6,1.7183153354201916e-6,1.0376547000114866,RCA > 1 (Comparative Advantage)
VNM,Vietnam,2018,09,Wood Products,3652734879,0.012905018793486343,0.012442774803934454,1.0371495905724923,RCA > 1 (Comparative Advantage)
VNM,Vietnam,2019,08,Animal Hides,4971506486,0.015924916193204533,0.015389643848233674,1.0347813341393404,RCA > 1 (Comparative Advantage)
VNM,Vietnam,2019,01,Animal Products,6135942008,0.01965487976711515,0.018849834140919036,1.0427083665658643,RCA > 1 (Comparative Advantage)
VNM,Vietnam,2019,03,Animal and Vegetable Bi-Products,215295414,6.896423517471549e-4,7.193653750811249e-4,0.9586816041422371,RCA <= 1 (No Advantage)
VNM,Vietnam,2019,21,Arts and Antiques,8651100,2.7711528259490987e-5,2.858842438948986e-5,0.9693268814660085,RCA <= 1 (No Advantage)
VNM,Vietnam,2019,06,Chemical Products,4965476291,0.015905600046222906,0.016371472524055537,0.9715436423236763,RCA <= 1 (No Advantage)
VNM,Vietnam,2019,04,Foodstuffs,6221683593,0.019929530430700247,0.01940878048906356,1.0268306368826272,RCA > 1 (Comparative Advantage)
VNM,Vietnam,2019,12,Footwear and Headwear,25363385087,0.08124494718530045,0.07780320331460396,1.0442365317116766,RCA > 1 (Comparative Advantage)
VNM,Vietnam,2019,18,Instruments,5770420678,0.018484028122151882,0.018011157563906935,1.026254312448665,RCA > 1 (Comparative Advantage)
VNM,Vietnam,2019,16,Machines,145528346643,0.4661618627173995,0.4463947016051592,1.0442818004809666,RCA > 1 (Comparative Advantage)
VNM,Vietnam,2019,15,Metals,11606570017,0.037178600758499644,0.039130660656684364,0.9501143127811907,RCA <= 1 (No Advantage)
VNM,Vietnam,2019,05,Mineral Products,6196723668,0.019849577862010456,0.026962304536171645,0.7361973764290433,RCA <= 1 (No Advantage)
VNM,Vietnam,2019,20,Miscellaneous,14666021295,0.04697874993592596,0.04496623434857377,1.0447561512879058,RCA > 1 (Comparative Advantage)
VNM,Vietnam,2019,10,Paper Goods,1555326235,0.004982079378799254,0.004891409289144151,1.0185365984106736,RCA > 1 (Comparative Advantage)
VNM,Vietnam,2019,07,Plastics and Rubbers,9660751591,0.030945682135441622,0.030870453342598404,1.00243691895316,RCA > 1 (Comparative Advantage)
VNM,Vietnam,2019,14,Precious Metals,2120111249,0.00679121993618479,0.023091492725497598,0.2941005164506292,RCA <= 1 (No Advantage)
VNM,Vietnam,2019,13,Stone And Glass,2193371018,0.007025888378224216,0.006862492368026686,1.0238100097508036,RCA > 1 (Comparative Advantage)
VNM,Vietnam,2019,11,Textiles,43276017706,0.13862336438349473,0.1386027038625041,1.0001490629000365,RCA > 1 (Comparative Advantage)
VNM,Vietnam,2019,17,Transportation,4374307915,0.014011947313317103,0.013991263599196021,1.0014783306721682,RCA > 1 (Comparative Advantage)
VNM,Vietnam,2019,02,Vegetable Products,13106773329,0.041984108321176064,0.044634823453816364,0.940613294115905,RCA <= 1 (No Advantage)
VNM,Vietnam,2019,19,Weapons,372503,1.1932155923807575e-6,2.1673615017033272e-6,0.5505383349492047,RCA <= 1 (No Advantage)
VNM,Vietnam,2019,09,Wood Products,4247099967,0.013604470039232437,0.013017247170872697,1.0451111406775548,RCA > 1 (Comparative Advantage)
VNM,Vietnam,2020,08,Animal Hides,4069447998,0.012197852461818032,0.011813152064162247,1.0325654317803,RCA > 1 (Comparative Advantage)
VNM,Vietnam,2020,01,Animal Products,5364602893,0.01607997807988114,0.015513180426238051,1.0365365217234528,RCA > 1 (Comparative Advantage)
VNM,Vietnam,2020,03,Animal and Vegetable Bi-Products,247644660,7.422955219286942e-4,8.029382943373054e-4,0.9244739317625125,RCA <= 1 (No Advantage)
VNM,Vietnam,2020,21,Arts and Antiques,7235087,2.1686608065219377e-5,2.1734071779675678e-5,0.9978161609597386,RCA <= 1 (No Advantage)
VNM,Vietnam,2020,06,Chemical Products,5123607960,0.015357614595146982,0.016068671160961154,0.9557488880884137,RCA <= 1 (No Advantage)
VNM,Vietnam,2020,04,Foodstuffs,6665246586,0.019978555941155027,0.01949950210250955,1.024567490807051,RCA > 1 (Comparative Advantage)
VNM,Vietnam,2020,12,Footwear and Headwear,22368968508,0.06704923560093072,0.0644809334334713,1.0398304123514168,RCA > 1 (Comparative Advantage)
VNM,Vietnam,2020,18,Instruments,5090558131,0.015258550314628238,0.014676748922360417,1.0396410264524885,RCA > 1 (Comparative Advantage)
VNM,Vietnam,2020,16,Machines,163221551599,0.48924384977326385,0.47037379084107206,1.0401171563969378,RCA > 1 (Comparative Advantage)
VNM,Vietnam,2020,15,Metals,12478859301,0.03740440588507152,0.03913685713857624,0.9557335110642524,RCA <= 1 (No Advantage)
VNM,Vietnam,2020,05,Mineral Products,5603149005,0.01679500141497385,0.018805191239734384,0.8931045263441348,RCA <= 1 (No Advantage)
VNM,Vietnam,2020,20,Miscellaneous,18839765560,0.05647072547162712,0.0542910847875168,1.0401473039752465,RCA > 1 (Comparative Advantage)
VNM,Vietnam,2020,10,Paper Goods,1915539323,0.005741679475508265,0.005632030433199289,1.0194688298668675,RCA > 1 (Comparative Advantage)
VNM,Vietnam,2020,07,Plastics and Rubbers,10473283185,0.031392848156372895,0.031119051097529857,1.0087983742815594,RCA > 1 (Comparative Advantage)
VNM,Vietnam,2020,14,Precious Metals,6206038810,0.01860211650668616,0.03699773148731435,0.5027907322659604,RCA <= 1 (No Advantage)
VNM,Vietnam,2020,13,Stone And Glass,2347602346,0.007036754633453824,0.00695524818090169,1.0117186979432224,RCA > 1 (Comparative Advantage)
VNM,Vietnam,2020,11,Textiles,41069152522,0.1231015762927702,0.12432272125892237,0.9901776203594439,RCA <= 1 (No Advantage)
VNM,Vietnam,2020,17,Transportation,4795297834,0.01437353064060645,0.014447887716664328,0.9948534292682719,RCA <= 1 (No Advantage)
VNM,Vietnam,2020,02,Vegetable Products,13455280209,0.04033115127714235,0.04271656891629672,0.9441570870584526,RCA <= 1 (No Advantage)
VNM,Vietnam,2020,19,Weapons,389351,1.1670492057388155e-6,1.1225276855472646e-6,1.0396618459970057,RCA > 1 (Comparative Advantage)
VNM,Vietnam,2020,09,Wood Products,4276816818,0.01281942429976373,0.012323853898766677,1.0402122911443026,RCA > 1 (Comparative Advantage)
VNM,Vietnam,2021,08,Animal Hides,4326521937,0.010887099106737115,0.010608909390199404,1.026222272837461,RCA > 1 (Comparative Advantage)
VNM,Vietnam,2021,01,Animal Products,5876952346,0.014788544601911535,0.01435670257531776,1.0300794715449635,RCA > 1 (Comparative Advantage)
VNM,Vietnam,2021,03,Animal and Vegetable Bi-Products,397605060,0.0010005186051504716,9.807205172281408e-4,1.0201872884012737,RCA > 1 (Comparative Advantage)
VNM,Vietnam,2021,21,Arts and Antiques,6442849,1.6212545923522984e-5,1.719671729742899e-5,0.9427698114190001,RCA <= 1 (No Advantage)
VNM,Vietnam,2021,06,Chemical Products,6900919497,0.017365217508535064,0.01898734806044155,0.9145678192266328,RCA <= 1 (No Advantage)
VNM,Vietnam,2021,04,Foodstuffs,7439940918,0.018721590992024296,0.018415659014002154,1.0166126000589786,RCA > 1 (Comparative Advantage)
VNM,Vietnam,2021,12,Footwear and Headwear,24411068911,0.061427107132554504,0.05932832758698848,1.035375673492376,RCA > 1 (Comparative Advantage)
VNM,Vietnam,2021,18,Instruments,6223506331,0.015660600178069285,0.01512574223640703,1.0353607732634023,RCA > 1 (Comparative Advantage)
VNM,Vietnam,2021,16,Machines,200598751186,0.5047792468525004,0.4874447453216996,1.0355619825573472,RCA > 1 (Comparative Advantage)
VNM,Vietnam,2021,15,Metals,20274953367,0.05101913960109486,0.053440131620596174,0.954697117202304,RCA <= 1 (No Advantage)
VNM,Vietnam,2021,05,Mineral Products,6765867494,0.017025377664282734,0.01904906644157641,0.8937644118413708,RCA <= 1 (No Advantage)
VNM,Vietnam,2021,20,Miscellaneous,22827405484,0.0574420353052245,0.05545649936733595,1.0358034849033049,RCA > 1 (Comparative Advantage)
VNM,Vietnam,2021,10,Paper Goods,2146607586,0.00540164360018492,0.005363100018405899,1.0071868101744776,RCA > 1 (Comparative Advantage)
VNM,Vietnam,2021,07,Plastics and Rubbers,14686496833,0.03695655514519855,0.036749374492256286,1.0056376647440877,RCA > 1 (Comparative Advantage)
VNM,Vietnam,2021,14,Precious Metals,703520985,0.0017703140765016568,0.013199379750244435,0.1341210049259226,RCA <= 1 (No Advantage)
VNM,Vietnam,2021,13,Stone And Glass,3122205480,0.007856601905022936,0.007902253670805848,0.9942229435190663,RCA <= 1 (No Advantage)
VNM,Vietnam,2021,11,Textiles,45775056822,0.11518665281128722,0.11880103957898468,0.9695761351878202,RCA <= 1 (No Advantage)
VNM,Vietnam,2021,17,Transportation,5707109252,0.014361157748476319,0.014833680985486397,0.9681452474626894,RCA <= 1 (No Advantage)
VNM,Vietnam,2021,02,Vegetable Products,13616742502,0.0342646650794489,0.036327820703539564,0.9432072834501288,RCA <= 1 (No Advantage)
VNM,Vietnam,2021,19,Weapons,878591,2.2108537598031524e-6,8.053856401251666e-6,0.2745087135474081,RCA <= 1 (No Advantage)
VNM,Vietnam,2021,09,Wood Products,5590413418,0.014067508686111391,0.013604248094785559,1.0340526420937146,RCA > 1 (Comparative Advantage)
VNM,Vietnam,2022,08,Animal Hides,5515543265,0.012349957272952539,0.012000911279150784,1.0290849574405365,RCA > 1 (Comparative Advantage)
VNM,Vietnam,2022,01,Animal Products,8037383838,0.01799665821053428,0.01745284701349931,1.0311588817924289,RCA > 1 (Comparative Advantage)
VNM,Vietnam,2022,03,Animal and Vegetable Bi-Products,630249290,0.0014112031088942376,0.0014359107581557516,0.9827930467675805,RCA <= 1 (No Advantage)
VNM,Vietnam,2022,21,Arts and Antiques,7028765,1.5738240688358422e-5,1.602683075007397e-5,0.9819933169435751,RCA <= 1 (No Advantage)
VNM,Vietnam,2022,06,Chemical Products,8505401907,0.01904460632324295,0.020453149822187707,0.9311331745383901,RCA <= 1 (No Advantage)
VNM,Vietnam,2022,04,Foodstuffs,8828995295,0.019769170400361098,0.01956932816871193,1.0102120128972378,RCA > 1 (Comparative Advantage)
VNM,Vietnam,2022,12,Footwear and Headwear,33035592389,0.07397061991695321,0.0713714170725675,1.0364179800681685,RCA > 1 (Comparative Advantage)
VNM,Vietnam,2022,18,Instruments,5564281968,0.012459089024924958,0.012034813509968281,1.0352540165749353,RCA > 1 (Comparative Advantage)
VNM,Vietnam,2022,16,Machines,214784560029,0.4809281718594333,0.46470570906222136,1.034909110176307,RCA > 1 (Comparative Advantage)
VNM,Vietnam,2022,15,Metals,20980304589,0.04697739693057781,0.04925117550546952,0.9538330090286027,RCA <= 1 (No Advantage)
VNM,Vietnam,2022,05,Mineral Products,7317001138,0.016383635678079503,0.01902794474261331,0.8610302320979604,RCA <= 1 (No Advantage)
VNM,Vietnam,2022,20,Miscellaneous,26326169795,0.05894742485149262,0.05686877084929229,1.0365517659544456,RCA > 1 (Comparative Advantage)
VNM,Vietnam,2022,10,Paper Goods,2583655090,0.005785110992062238,0.005868689876704627,0.9857585106048712,RCA <= 1 (No Advantage)
VNM,Vietnam,2022,07,Plastics and Rubbers,16784653192,0.037582834510233226,0.03715850877637095,1.0114193423750122,RCA > 1 (Comparative Advantage)
VNM,Vietnam,2022,14,Precious Metals,1171141975,0.002622326152999772,0.014473632530208079,0.18117954477058099,RCA <= 1 (No Advantage)
VNM,Vietnam,2022,13,Stone And Glass,3174379068,0.007107812227079848,0.007227892952619917,0.9833864825714467,RCA <= 1 (No Advantage)
VNM,Vietnam,2022,11,Textiles,53324754515,0.11940046668293754,0.12218691180642961,0.9771952242486789,RCA <= 1 (No Advantage)
VNM,Vietnam,2022,17,Transportation,7176831829,0.016069779926441357,0.016299238360682762,0.9859221376383508,RCA <= 1 (No Advantage)
VNM,Vietnam,2022,02,Vegetable Products,15508161598,0.03472461803222631,0.03669273511148542,0.9463622138475292,RCA <= 1 (No Advantage)
VNM,Vietnam,2022,19,Weapons,1018179,2.279823861778291e-6,4.250194315237269e-6,0.5364046188676478,RCA <= 1 (No Advantage)
VNM,Vietnam,2022,09,Wood Products,7347130916,0.016451099834023087,0.0159001357765956,1.0346515316075782,RCA > 1 (Comparative Advantage)
VNM,Vietnam,2023,08,Animal Hides,5262098179,0.01218265645168801,0.011656780939998976,1.0451132704985944,RCA > 1 (Comparative Advantage)
VNM,Vietnam,2023,01,Animal Products,5981525136,0.013848252790082427,0.013191856166285838,1.0497577153300177,RCA > 1 (Comparative Advantage)
VNM,Vietnam,2023,03,Animal and Vegetable Bi-Products,584815567,0.0013539479686625838,0.0013232068526907097,1.0232322829264093,RCA > 1 (Comparative Advantage)
VNM,Vietnam,2023,21,Arts and Antiques,13420675,3.107115589884892e-5,8.425462566074868e-5,0.3687768553379722,RCA <= 1 (No Advantage)
VNM,Vietnam,2023,06,Chemical Products,7292724673,0.01688390377102232,0.019064245947292863,0.8856318690863222,RCA <= 1 (No Advantage)
VNM,Vietnam,2023,04,Foodstuffs,8731232424,0.020214295021315137,0.019873462546241717,1.0171501304455814,RCA > 1 (Comparative Advantage)
VNM,Vietnam,2023,12,Footwear and Headwear,31007616308,0.07178793021644277,0.06804620538495762,1.0549880013193549,RCA > 1 (Comparative Advantage)
VNM,Vietnam,2023,18,Instruments,6315555820,0.014621590901433988,0.013903771999215046,1.0516276376122586,RCA > 1 (Comparative Advantage)
VNM,Vietnam,2023,16,Machines,218613041975,0.5061265479364359,0.4808653739814622,1.0525327364410055,RCA > 1 (Comparative Advantage)
VNM,Vietnam,2023,15,Metals,19115299607,0.044255184939826234,0.04621547320039453,0.9575837241335103,RCA <= 1 (No Advantage)
VNM,Vietnam,2023,05,Mineral Products,6691875127,0.01549283440114945,0.01717681933046345,0.9019617720303188,RCA <= 1 (No Advantage)
VNM,Vietnam,2023,20,Miscellaneous,21496260301,0.04976751579593485,0.04718098783457478,1.0548214032827994,RCA > 1 (Comparative Advantage)
VNM,Vietnam,2023,10,Paper Goods,2807458617,0.006499746426194939,0.0064354221578727415,1.0099953455646273,RCA > 1 (Comparative Advantage)
VNM,Vietnam,2023,07,Plastics and Rubbers,14930558027,0.034566793109417154,0.033716814890262535,1.0252093272131733,RCA > 1 (Comparative Advantage)
VNM,Vietnam,2023,14,Precious Metals,1123820200,0.0026018357971171768,0.027516651889799584,0.09455495557879542,RCA <= 1 (No Advantage)
VNM,Vietnam,2023,13,Stone And Glass,2582141216,0.005978098141500283,0.006016265120154548,0.9936560344512736,RCA <= 1 (No Advantage)
VNM,Vietnam,2023,11,Textiles,47439837234,0.10983132953548398,0.11234532575596733,0.9776226006416666,RCA <= 1 (No Advantage)
VNM,Vietnam,2023,17,Transportation,7224410460,0.01672574469465469,0.017243100279977813,0.9699963709006633,RCA <= 1 (No Advantage)
VNM,Vietnam,2023,02,Vegetable Products,18516258724,0.04286830293385581,0.04449975049732504,0.9633380514444165,RCA <= 1 (No Advantage)
VNM,Vietnam,2023,19,Weapons,1328128,3.074843265456202e-6,2.910389028432147e-6,1.0565059294195622,RCA > 1 (Comparative Advantage)
VNM,Vietnam,2023,09,Wood Products,6202282223,0.014359343168617988,0.013641320210373549,1.0526358847363189,RCA > 1 (Comparative Advantage)
