country,iso2c,country_code,year,status,lastupdated,manuf_va_gdp,fdi_gdp,gdp_current,gdp_per_capita,lpi_score,tertiary_enrolment,unemployment,region,capital,longitude,latitude,income,lending,doing_business_score,doing_business_rank
China,CN,CHN,2010,,2026-04-08,31.0748956423241,3.93541996731512,6192564874453.29,4629.24551710077,3.49,25.2883066277701,4.53,East Asia & Pacific,Beijing,116.286,40.0495,Upper middle income,IBRD,NA,NA
China,CN,CHN,2011,,2026-04-08,31.5623565182378,3.65069190228423,7671757207851.29,5703.76027973346,NA,26.7875039907406,4.55,East Asia & Pacific,Beijing,116.286,40.0495,Upper middle income,IBRD,NA,NA
China,CN,CHN,2012,,2026-04-08,31.0143036500115,2.78099138181613,8673664713189.24,6405.0574241349,3.52,29.3081906903292,4.58,East Asia & Pacific,Beijing,116.286,40.0495,Upper middle income,IBRD,NA,NA
China,CN,CHN,2013,,2026-04-08,30.1275021518721,2.98598708261986,9743124247267.24,7147.03518622344,NA,32.7191603158803,4.6,East Asia & Pacific,Beijing,116.286,40.0495,Upper middle income,IBRD,NA,NA
China,CN,CHN,2014,,2026-04-08,29.8300397890826,2.51155883670463,10674533168257.4,7781.06597484974,3.531463,43.7110051016854,4.63,East Asia & Pacific,Beijing,116.286,40.0495,Upper middle income,IBRD,NA,NA
China,CN,CHN,2015,,2026-04-08,28.3889960582852,2.14957284731563,11280814787468.9,8175.33285077393,NA,47.1192619330726,4.65,East Asia & Pacific,Beijing,116.286,40.0495,Upper middle income,IBRD,NA,NA
China,CN,CHN,2016,,2026-04-08,27.5237594259275,1.52539470315394,11456024084962,8254.86859320357,3.661104,49.309077375597,4.56,East Asia & Pacific,Beijing,116.286,40.0495,Upper middle income,IBRD,NA,NA
China,CN,CHN,2017,,2026-04-08,27.5998559245177,1.32468971748482,12537559062282.9,8979.67652709856,NA,51.0678812273407,4.47,East Asia & Pacific,Beijing,116.286,40.0495,Upper middle income,IBRD,NA,NA
China,CN,CHN,2018,,2026-04-08,27.34341880328,1.66361992284408,14147765772963.8,10085.6638148819,3.61,53.3987984572814,4.31,East Asia & Pacific,Beijing,116.286,40.0495,Upper middle income,IBRD,NA,NA
China,CN,CHN,2019,,2026-04-08,26.2594662949297,1.28549226847992,14560167101283.4,10342.9009524335,NA,56.6050917923292,4.56,East Asia & Pacific,Beijing,116.286,40.0495,Upper middle income,IBRD,NA,NA
China,CN,CHN,2020,,2026-04-08,25.7441402732098,1.68770756292082,14996414166715.1,10627.4637989619,NA,61.6124675996947,5,East Asia & Pacific,Beijing,116.286,40.0495,Upper middle income,IBRD,NA,NA
China,CN,CHN,2021,,2026-04-08,26.9701216685139,1.8903454142588,18201698719564,12887.4357242941,NA,66.8186077597542,4.55,East Asia & Pacific,Beijing,116.286,40.0495,Upper middle income,IBRD,NA,NA
China,CN,CHN,2022,,2026-04-08,26.4237655920515,1.03841365474349,18316765021690.2,12970.6056414327,3.7,71.5799465086024,4.98,East Asia & Pacific,Beijing,116.286,40.0495,Upper middle income,IBRD,NA,NA
China,CN,CHN,2023,,2026-04-08,25.4991668287269,0.280991103634816,18270356654533.2,12951.1782397043,NA,74.5933014618366,4.67,East Asia & Pacific,Beijing,116.286,40.0495,Upper middle income,IBRD,NA,NA
Kazakhstan,KZ,KAZ,2010,,2026-04-08,11.3213182158369,5.03630628288047,148047348240.643,8793.07589980782,2.83,46.7229330476587,5.77,Europe & Central Asia,Astana,71.4382,51.1879,Upper middle income,IBRD,NA,NA
Kazakhstan,KZ,KAZ,2011,,2026-04-08,11.0865742214899,7.14351039762779,192626464617.071,11287.1464926039,NA,50.4275094921369,5.39,Europe & Central Asia,Astana,71.4382,51.1879,Upper middle income,IBRD,NA,NA
Kazakhstan,KZ,KAZ,2012,,2026-04-08,11.0807990431371,6.56164821145973,207998568865.789,12018.7966527993,2.69,52.1525037230692,5.29,Europe & Central Asia,Astana,71.4382,51.1879,Upper middle income,IBRD,NA,NA
Kazakhstan,KZ,KAZ,2013,,2026-04-08,10.6349738343331,4.23069709209016,236634603409.089,13478.459627612,NA,45.8669276379862,5.2,Europe & Central Asia,Astana,71.4382,51.1879,Upper middle income,IBRD,NA,NA
Kazakhstan,KZ,KAZ,2014,,2026-04-08,10.3182436278483,3.3006311188168,221415613595.469,12427.7094576939,2.69942,51.0877733655657,5.06,Europe & Central Asia,Astana,71.4382,51.1879,Upper middle income,IBRD,NA,NA
Kazakhstan,KZ,KAZ,2015,,2026-04-08,10.2754093827734,3.56737402233377,184388404706.042,10196.1226255982,NA,48.3464575023644,4.93,Europe & Central Asia,Astana,71.4382,51.1879,Upper middle income,IBRD,NA,NA
Kazakhstan,KZ,KAZ,2016,,2026-04-08,11.3301396708405,12.5466202801438,137278320084.171,7475.56688689424,2.751998,46.0492258820674,4.96,Europe & Central Asia,Astana,71.4382,51.1879,Upper middle income,IBRD,NA,NA
Kazakhstan,KZ,KAZ,2017,,2026-04-08,11.2801569362864,2.85205738000704,166805788827.233,8943.08416791984,NA,49.9712092283595,4.9,Europe & Central Asia,Astana,71.4382,51.1879,Upper middle income,IBRD,NA,NA
Kazakhstan,KZ,KAZ,2018,,2026-04-08,11.4286227484553,0.196995426846668,179339977690.485,9472.48527327758,2.81,51.9662639587064,4.85,Europe & Central Asia,Astana,71.4382,51.1879,Upper middle income,IBRD,NA,NA
Kazakhstan,KZ,KAZ,2019,,2026-04-08,11.466364067234,2.05367649290766,181667184854.501,9457.12614657136,NA,57.3421123781351,4.8,Europe & Central Asia,Astana,71.4382,51.1879,Upper middle income,IBRD,NA,NA
Kazakhstan,KZ,KAZ,2020,,2026-04-08,13.0725321801007,4.21199990309163,171082365861.423,8781.50797787648,NA,62.2921373672319,4.89,Europe & Central Asia,Astana,71.4382,51.1879,Upper middle income,IBRD,NA,NA
Kazakhstan,KZ,KAZ,2021,,2026-04-08,13.6087547428034,2.31675874599247,197112255360.612,9983.60103576902,NA,59.3849415869809,5.568,Europe & Central Asia,Astana,71.4382,51.1879,Upper middle income,IBRD,NA,NA
Kazakhstan,KZ,KAZ,2022,,2026-04-08,13.4242966658263,2.25355434978679,225496328925.494,11255.3396437881,2.7,57.2459264222925,4.86,Europe & Central Asia,Astana,71.4382,51.1879,Upper middle income,IBRD,NA,NA
Kazakhstan,KZ,KAZ,2023,,2026-04-08,12.2881884103734,2.18549414987511,261840101059.923,12879.4275257974,NA,54.6563982045582,4.835,Europe & Central Asia,Astana,71.4382,51.1879,Upper middle income,IBRD,NA,NA
"Korea, Rep.",KR,KOR,2010,,2026-04-08,28.0990056835275,0.796207328344812,1192830015737.68,24071.2620526362,3.64,101.673286437988,3.324,East Asia & Pacific,Seoul,126.957,37.5323,High income,Not classified,NA,NA
"Korea, Rep.",KR,KOR,2011,,2026-04-08,29.0005575131874,0.747683727442323,1307103477219.1,26175.2398553363,NA,100.819679260254,2.992,East Asia & Pacific,Seoul,126.957,37.5323,High income,Not classified,NA,NA
"Korea, Rep.",KR,KOR,2012,,2026-04-08,28.7408682052811,0.711120351080011,1335343586437.67,26600.5477433903,3.7,98.286979675293,2.812,East Asia & Pacific,Seoul,126.957,37.5323,High income,Not classified,NA,NA
"Korea, Rep.",KR,KOR,2013,,2026-04-08,28.8654766941182,0.889863368558993,1434669686501.84,28449.3591104972,NA,96.3375015258789,3.067,East Asia & Pacific,Seoul,126.957,37.5323,High income,Not classified,NA,NA
"Korea, Rep.",KR,KOR,2014,,2026-04-08,28.2760755546832,0.595893048504325,1556252422020.44,30667.0912467447,3.666238,94.4421691894531,3.082,East Asia & Pacific,Seoul,126.957,37.5323,High income,Not classified,NA,NA
"Korea, Rep.",KR,KOR,2015,,2026-04-08,27.8215922094514,0.266636382581676,1539212301135.55,30171.7906545222,NA,93.9676513671875,3.546,East Asia & Pacific,Seoul,126.957,37.5323,High income,Not classified,NA,NA
"Korea, Rep.",KR,KOR,2016,,2026-04-08,27.5129940831191,0.766507046338007,1579150518945.44,30832.0628072516,3.717126,93.6577224731445,3.65,East Asia & Pacific,Seoul,126.957,37.5323,High income,Not classified,NA,NA
"Korea, Rep.",KR,KOR,2017,,2026-04-08,28.0322405682167,1.04741749331971,1710196756713.17,33296.9845439195,NA,93.7230224609375,3.653,East Asia & Pacific,Seoul,126.957,37.5323,High income,Not classified,NA,NA
"Korea, Rep.",KR,KOR,2018,,2026-04-08,27.7672237489814,0.66781363782051,1824251454306.83,35363.9508228687,3.61,93.3281784057617,3.824,East Asia & Pacific,Seoul,126.957,37.5323,High income,Not classified,NA,NA
"Korea, Rep.",KR,KOR,2019,,2026-04-08,26.370175590513,0.550202642546341,1751045752054.63,33826.9443301597,NA,93.9989166259766,3.746,East Asia & Pacific,Seoul,126.957,37.5323,High income,Not classified,NA,NA
"Korea, Rep.",KR,KOR,2020,,2026-04-08,25.7002433607737,0.502554290313687,1744070276373.34,33645.7719545073,NA,96.8767700195312,3.931,East Asia & Pacific,Seoul,126.957,37.5323,High income,Not classified,NA,NA
"Korea, Rep.",KR,KOR,2021,,2026-04-08,26.2480856022754,1.13577953855347,1942313560965.9,37518.4635305697,NA,100.359878540039,3.639,East Asia & Pacific,Seoul,126.957,37.5323,High income,Not classified,NA,NA
"Korea, Rep.",KR,KOR,2022,,2026-04-08,26.4977408590265,1.39186469730544,1799363116866.52,34822.4048404971,3.8,102.813056945801,2.857,East Asia & Pacific,Seoul,126.957,37.5323,High income,Not classified,NA,NA
"Korea, Rep.",KR,KOR,2023,,2026-04-08,25.4551420827792,1.00819007911736,1844800934391.54,35674.095995632,NA,106.709167480469,2.675,East Asia & Pacific,Seoul,126.957,37.5323,High income,Not classified,NA,NA
Uzbekistan,UZ,UZB,2010,,2026-04-08,10.1811359695823,3.34115466012917,49765676402.4495,1753.20730243278,2.79,8.85653237012253,5.36,Europe & Central Asia,Tashkent,69.269,41.3052,Lower middle income,Blend,NA,NA
Uzbekistan,UZ,UZB,2011,,2026-04-08,10.2450890019411,2.68375111593279,60178909297.208,2087.86386135694,NA,8.58497947573208,4.96,Europe & Central Asia,Tashkent,69.269,41.3052,Lower middle income,Blend,NA,NA
Uzbekistan,UZ,UZB,2012,,2026-04-08,10.5353690643513,1.10230120247607,67517349212.0609,2307.34649117185,2.46,7.84954008903504,4.87,Europe & Central Asia,Tashkent,69.269,41.3052,Lower middle income,Blend,NA,NA
Uzbekistan,UZ,UZB,2013,,2026-04-08,11.6145232608903,0.945033981533171,73180037914.9104,2461.97947403595,NA,7.97676963416095,4.86,Europe & Central Asia,Tashkent,69.269,41.3052,Lower middle income,Blend,NA,NA
Uzbekistan,UZ,UZB,2014,,2026-04-08,12.6883574975987,1.00027476951682,80845385809.4529,2674.9628382103,2.39477,7.99231869405469,5.09,Europe & Central Asia,Tashkent,69.269,41.3052,Lower middle income,Blend,NA,NA
Uzbekistan,UZ,UZB,2015,,2026-04-08,12.8094689336525,1.20794015152469,86196264755.3105,2803.19018021751,NA,8.05320814639575,5.15,Europe & Central Asia,Tashkent,69.269,41.3052,Lower middle income,Blend,NA,NA
Uzbekistan,UZ,UZB,2016,,2026-04-08,13.6540206285506,1.93048466413592,86138288644.171,2753.37951427589,2.404525,8.33958377998093,5.16,Europe & Central Asia,Tashkent,69.269,41.3052,Lower middle income,Blend,62.09399,NA
Uzbekistan,UZ,UZB,2017,,2026-04-08,14.0025699748323,2.57993736270607,69703222282.7278,2190.60411562888,NA,8.64750307019382,5.83,Europe & Central Asia,Tashkent,69.269,41.3052,Lower middle income,Blend,66.61398,NA
Uzbekistan,UZ,UZB,2018,,2026-04-08,16.1531607468822,1.06427628704368,58695899092.1083,1813.08530813664,2.58,9.95855522351711,5.392,Europe & Central Asia,Tashkent,69.269,41.3052,Lower middle income,Blend,67.75199,NA
Uzbekistan,UZ,UZB,2019,,2026-04-08,17.547885761433,3.44235052410005,67293639798.3996,2041.38480729431,NA,13.0316667432446,4.936,Europe & Central Asia,Tashkent,69.269,41.3052,Lower middle income,Blend,69.87898,69
Uzbekistan,UZ,UZB,2020,,2026-04-08,19.1278574156415,2.60108803608825,66443265418.3086,1978.28051860763,NA,15.9720957084892,5.293,Europe & Central Asia,Tashkent,69.269,41.3052,Lower middle income,Blend,NA,NA
Uzbekistan,UZ,UZB,2021,,2026-04-08,19.470717302152,2.94839500995796,77340060003.0347,2258.51964119278,NA,22.0939011675309,5.364,Europe & Central Asia,Tashkent,69.269,41.3052,Lower middle income,Blend,NA,NA
Uzbekistan,UZ,UZB,2022,,2026-04-08,19.0715817765466,2.94947448385164,90095926567.4359,2578.66689394219,2.6,31.701936179599,4.456,Europe & Central Asia,Tashkent,69.269,41.3052,Lower middle income,Blend,NA,NA
Uzbekistan,UZ,UZB,2023,,2026-04-08,19.3636989151573,2.10084902446518,102641879248.764,2878.96879292451,NA,45.7591768686293,4.434,Europe & Central Asia,Tashkent,69.269,41.3052,Lower middle income,Blend,NA,NA
Viet Nam,VN,VNM,2010,,2026-04-08,17.1305705708367,5.4347392933443,147201173196.979,1683.16182443979,2.96,23.9250975429329,1.114,East Asia & Pacific,Hanoi,105.825,21.0069,Lower middle income,IBRD,NA,NA
Viet Nam,VN,VNM,2011,,2026-04-08,18.694145538196,4.30487434902161,172595049183.925,1950.92504174913,NA,25.8674734818525,0.999,East Asia & Pacific,Hanoi,105.825,21.0069,Lower middle income,IBRD,NA,NA
Viet Nam,VN,VNM,2012,,2026-04-08,20.2740924828827,4.27832287681174,195590661129.249,2185.11767654291,3,25.7487091222031,1.027,East Asia & Pacific,Hanoi,105.825,21.0069,Lower middle income,IBRD,NA,NA
Viet Nam,VN,VNM,2013,,2026-04-08,20.6874536915425,4.16454517277325,213708811665.34,2359.51736472828,NA,25.6249412769592,1.316,East Asia & Pacific,Hanoi,105.825,21.0069,Lower middle income,IBRD,NA,NA
Viet Nam,VN,VNM,2014,,2026-04-08,20.371229229791,3.94086189051961,233451469642.519,2546.38464459903,3.154763,31.3306389293887,1.256,East Asia & Pacific,Hanoi,105.825,21.0069,Lower middle income,IBRD,NA,NA
Viet Nam,VN,VNM,2015,,2026-04-08,20.9600916821922,4.93190773329022,239258328381.741,2577.56885340113,NA,29.7250797402999,1.848,East Asia & Pacific,Hanoi,105.825,21.0069,Lower middle income,IBRD,NA,NA
Viet Nam,VN,VNM,2016,,2026-04-08,21.4882532002034,4.90089302916746,257096001177.982,2735.0604380416,2.976629,29.0811980839409,1.848,East Asia & Pacific,Hanoi,105.825,21.0069,Lower middle income,IBRD,65.28861,NA
Viet Nam,VN,VNM,2017,,2026-04-08,22.6271239749306,5.01148721749681,281353605986.903,2956.10992127753,NA,25.9526307046456,1.874,East Asia & Pacific,Hanoi,105.825,21.0069,Lower middle income,IBRD,66.9796,NA
Viet Nam,VN,VNM,2018,,2026-04-08,23.3671679233065,4.99828319622328,310106478394.659,3222.31003125366,3.27,NA,1.161,East Asia & Pacific,Hanoi,105.825,21.0069,Lower middle income,IBRD,68.56869,NA
Viet Nam,VN,VNM,2019,,2026-04-08,23.7867165015145,4.821074861051,334365270496.667,3440.90025375434,NA,30.2241191864014,1.681,East Asia & Pacific,Hanoi,105.825,21.0069,Lower middle income,IBRD,69.76594,70
Viet Nam,VN,VNM,2020,,2026-04-08,23.9472430412931,4.55836196782424,346615738537.796,3534.03953482647,NA,NA,2.103,East Asia & Pacific,Hanoi,105.825,21.0069,Lower middle income,IBRD,NA,NA
Viet Nam,VN,VNM,2021,,2026-04-08,24.4593726835115,4.27314566190187,366474752771.009,3704.1935590038,NA,41.9554971195048,2.383,East Asia & Pacific,Hanoi,105.825,21.0069,Lower middle income,IBRD,NA,NA
Viet Nam,VN,VNM,2022,,2026-04-08,24.7772286923041,4.32947308910883,413445230668.578,4147.69777213621,3.3,44.7536854027422,1.57,East Asia & Pacific,Hanoi,105.825,21.0069,Lower middle income,IBRD,NA,NA
Viet Nam,VN,VNM,2023,,2026-04-08,24.179672453009,4.26407109843686,433857681378.291,4323.35031982451,NA,32.8415128147815,1.645,East Asia & Pacific,Hanoi,105.825,21.0069,Lower middle income,IBRD,NA,NA
