country_code,country,year,hs_section_code,hs_section,trade_value_usd,source,source_url
UZB,Uzbekistan,2010,01,Animal Products,10038508.0,"OEC/BACI HS6 REV. 1992, derived from international merchandise trade data",https://api.oec.world/tesseract/data.jsonrecords
UZB,Uzbekistan,2010,02,Vegetable Products,624672848.0,"OEC/BACI HS6 REV. 1992, derived from international merchandise trade data",https://api.oec.world/tesseract/data.jsonrecords
UZB,Uzbekistan,2010,03,Animal and Vegetable Bi-Products,1735354.0,"OEC/BACI HS6 REV. 1992, derived from international merchandise trade data",https://api.oec.world/tesseract/data.jsonrecords
UZB,Uzbekistan,2010,04,Foodstuffs,68329818.0,"OEC/BACI HS6 REV. 1992, derived from international merchandise trade data",https://api.oec.world/tesseract/data.jsonrecords
UZB,Uzbekistan,2010,05,Mineral Products,1314134101.0,"OEC/BACI HS6 REV. 1992, derived from international merchandise trade data",https://api.oec.world/tesseract/data.jsonrecords
UZB,Uzbekistan,2010,06,Chemical Products,856468010.0,"OEC/BACI HS6 REV. 1992, derived from international merchandise trade data",https://api.oec.world/tesseract/data.jsonrecords
UZB,Uzbekistan,2010,07,Plastics and Rubbers,91490736.0,"OEC/BACI HS6 REV. 1992, derived from international merchandise trade data",https://api.oec.world/tesseract/data.jsonrecords
UZB,Uzbekistan,2010,08,Animal Hides,13276231.0,"OEC/BACI HS6 REV. 1992, derived from international merchandise trade data",https://api.oec.world/tesseract/data.jsonrecords
UZB,Uzbekistan,2010,09,Wood Products,904255.0,"OEC/BACI HS6 REV. 1992, derived from international merchandise trade data",https://api.oec.world/tesseract/data.jsonrecords
UZB,Uzbekistan,2010,10,Paper Goods,11536707.0,"OEC/BACI HS6 REV. 1992, derived from international merchandise trade data",https://api.oec.world/tesseract/data.jsonrecords
UZB,Uzbekistan,2010,11,Textiles,1788411626.0,"OEC/BACI HS6 REV. 1992, derived from international merchandise trade data",https://api.oec.world/tesseract/data.jsonrecords
UZB,Uzbekistan,2010,12,Footwear and Headwear,3595900.0,"OEC/BACI HS6 REV. 1992, derived from international merchandise trade data",https://api.oec.world/tesseract/data.jsonrecords
UZB,Uzbekistan,2010,13,Stone And Glass,10581749.0,"OEC/BACI HS6 REV. 1992, derived from international merchandise trade data",https://api.oec.world/tesseract/data.jsonrecords
UZB,Uzbekistan,2010,14,Precious Metals,296471405.0,"OEC/BACI HS6 REV. 1992, derived from international merchandise trade data",https://api.oec.world/tesseract/data.jsonrecords
UZB,Uzbekistan,2010,15,Metals,703137672.0,"OEC/BACI HS6 REV. 1992, derived from international merchandise trade data",https://api.oec.world/tesseract/data.jsonrecords
UZB,Uzbekistan,2010,16,Machines,139048418.0,"OEC/BACI HS6 REV. 1992, derived from international merchandise trade data",https://api.oec.world/tesseract/data.jsonrecords
UZB,Uzbekistan,2010,17,Transportation,516420933.0,"OEC/BACI HS6 REV. 1992, derived from international merchandise trade data",https://api.oec.world/tesseract/data.jsonrecords
UZB,Uzbekistan,2010,18,Instruments,14907270.000000002,"OEC/BACI HS6 REV. 1992, derived from international merchandise trade data",https://api.oec.world/tesseract/data.jsonrecords
UZB,Uzbekistan,2010,19,Weapons,133.0,"OEC/BACI HS6 REV. 1992, derived from international merchandise trade data",https://api.oec.world/tesseract/data.jsonrecords
UZB,Uzbekistan,2010,20,Miscellaneous,10839213.0,"OEC/BACI HS6 REV. 1992, derived from international merchandise trade data",https://api.oec.world/tesseract/data.jsonrecords
UZB,Uzbekistan,2010,21,Arts and Antiques,669198.0,"OEC/BACI HS6 REV. 1992, derived from international merchandise trade data",https://api.oec.world/tesseract/data.jsonrecords
UZB,Uzbekistan,2011,01,Animal Products,8072031.0,"OEC/BACI HS6 REV. 1992, derived from international merchandise trade data",https://api.oec.world/tesseract/data.jsonrecords
UZB,Uzbekistan,2011,02,Vegetable Products,827194981.0,"OEC/BACI HS6 REV. 1992, derived from international merchandise trade data",https://api.oec.world/tesseract/data.jsonrecords
UZB,Uzbekistan,2011,03,Animal and Vegetable Bi-Products,324492.0,"OEC/BACI HS6 REV. 1992, derived from international merchandise trade data",https://api.oec.world/tesseract/data.jsonrecords
UZB,Uzbekistan,2011,04,Foodstuffs,60423816.0,"OEC/BACI HS6 REV. 1992, derived from international merchandise trade data",https://api.oec.world/tesseract/data.jsonrecords
UZB,Uzbekistan,2011,05,Mineral Products,1632204765.0,"OEC/BACI HS6 REV. 1992, derived from international merchandise trade data",https://api.oec.world/tesseract/data.jsonrecords
UZB,Uzbekistan,2011,06,Chemical Products,690402207.0,"OEC/BACI HS6 REV. 1992, derived from international merchandise trade data",https://api.oec.world/tesseract/data.jsonrecords
UZB,Uzbekistan,2011,07,Plastics and Rubbers,85834587.0,"OEC/BACI HS6 REV. 1992, derived from international merchandise trade data",https://api.oec.world/tesseract/data.jsonrecords
UZB,Uzbekistan,2011,08,Animal Hides,12787085.0,"OEC/BACI HS6 REV. 1992, derived from international merchandise trade data",https://api.oec.world/tesseract/data.jsonrecords
UZB,Uzbekistan,2011,09,Wood Products,1324271.0,"OEC/BACI HS6 REV. 1992, derived from international merchandise trade data",https://api.oec.world/tesseract/data.jsonrecords
UZB,Uzbekistan,2011,10,Paper Goods,15947025.0,"OEC/BACI HS6 REV. 1992, derived from international merchandise trade data",https://api.oec.world/tesseract/data.jsonrecords
UZB,Uzbekistan,2011,11,Textiles,1614246950.0,"OEC/BACI HS6 REV. 1992, derived from international merchandise trade data",https://api.oec.world/tesseract/data.jsonrecords
UZB,Uzbekistan,2011,12,Footwear and Headwear,7968984.0,"OEC/BACI HS6 REV. 1992, derived from international merchandise trade data",https://api.oec.world/tesseract/data.jsonrecords
UZB,Uzbekistan,2011,13,Stone And Glass,22565291.0,"OEC/BACI HS6 REV. 1992, derived from international merchandise trade data",https://api.oec.world/tesseract/data.jsonrecords
UZB,Uzbekistan,2011,14,Precious Metals,205174640.0,"OEC/BACI HS6 REV. 1992, derived from international merchandise trade data",https://api.oec.world/tesseract/data.jsonrecords
UZB,Uzbekistan,2011,15,Metals,846444512.0,"OEC/BACI HS6 REV. 1992, derived from international merchandise trade data",https://api.oec.world/tesseract/data.jsonrecords
UZB,Uzbekistan,2011,16,Machines,139533812.0,"OEC/BACI HS6 REV. 1992, derived from international merchandise trade data",https://api.oec.world/tesseract/data.jsonrecords
UZB,Uzbekistan,2011,17,Transportation,716010922.0,"OEC/BACI HS6 REV. 1992, derived from international merchandise trade data",https://api.oec.world/tesseract/data.jsonrecords
UZB,Uzbekistan,2011,18,Instruments,6120318.0,"OEC/BACI HS6 REV. 1992, derived from international merchandise trade data",https://api.oec.world/tesseract/data.jsonrecords
UZB,Uzbekistan,2011,20,Miscellaneous,8503448.0,"OEC/BACI HS6 REV. 1992, derived from international merchandise trade data",https://api.oec.world/tesseract/data.jsonrecords
UZB,Uzbekistan,2011,21,Arts and Antiques,1335701.0,"OEC/BACI HS6 REV. 1992, derived from international merchandise trade data",https://api.oec.world/tesseract/data.jsonrecords
UZB,Uzbekistan,2012,01,Animal Products,8868216.0,"OEC/BACI HS6 REV. 1992, derived from international merchandise trade data",https://api.oec.world/tesseract/data.jsonrecords
UZB,Uzbekistan,2012,02,Vegetable Products,514810957.0,"OEC/BACI HS6 REV. 1992, derived from international merchandise trade data",https://api.oec.world/tesseract/data.jsonrecords
UZB,Uzbekistan,2012,03,Animal and Vegetable Bi-Products,118465.0,"OEC/BACI HS6 REV. 1992, derived from international merchandise trade data",https://api.oec.world/tesseract/data.jsonrecords
UZB,Uzbekistan,2012,04,Foodstuffs,61651629.0,"OEC/BACI HS6 REV. 1992, derived from international merchandise trade data",https://api.oec.world/tesseract/data.jsonrecords
UZB,Uzbekistan,2012,05,Mineral Products,403088373.0,"OEC/BACI HS6 REV. 1992, derived from international merchandise trade data",https://api.oec.world/tesseract/data.jsonrecords
UZB,Uzbekistan,2012,06,Chemical Products,573389828.0,"OEC/BACI HS6 REV. 1992, derived from international merchandise trade data",https://api.oec.world/tesseract/data.jsonrecords
UZB,Uzbekistan,2012,07,Plastics and Rubbers,62779939.0,"OEC/BACI HS6 REV. 1992, derived from international merchandise trade data",https://api.oec.world/tesseract/data.jsonrecords
UZB,Uzbekistan,2012,08,Animal Hides,22214354.0,"OEC/BACI HS6 REV. 1992, derived from international merchandise trade data",https://api.oec.world/tesseract/data.jsonrecords
UZB,Uzbekistan,2012,09,Wood Products,1649025.0,"OEC/BACI HS6 REV. 1992, derived from international merchandise trade data",https://api.oec.world/tesseract/data.jsonrecords
UZB,Uzbekistan,2012,10,Paper Goods,17115714.0,"OEC/BACI HS6 REV. 1992, derived from international merchandise trade data",https://api.oec.world/tesseract/data.jsonrecords
UZB,Uzbekistan,2012,11,Textiles,1737845265.0,"OEC/BACI HS6 REV. 1992, derived from international merchandise trade data",https://api.oec.world/tesseract/data.jsonrecords
UZB,Uzbekistan,2012,12,Footwear and Headwear,9725441.0,"OEC/BACI HS6 REV. 1992, derived from international merchandise trade data",https://api.oec.world/tesseract/data.jsonrecords
UZB,Uzbekistan,2012,13,Stone And Glass,34514151.0,"OEC/BACI HS6 REV. 1992, derived from international merchandise trade data",https://api.oec.world/tesseract/data.jsonrecords
UZB,Uzbekistan,2012,14,Precious Metals,696244774.0000001,"OEC/BACI HS6 REV. 1992, derived from international merchandise trade data",https://api.oec.world/tesseract/data.jsonrecords
UZB,Uzbekistan,2012,15,Metals,772277730.0,"OEC/BACI HS6 REV. 1992, derived from international merchandise trade data",https://api.oec.world/tesseract/data.jsonrecords
UZB,Uzbekistan,2012,16,Machines,115210099.0,"OEC/BACI HS6 REV. 1992, derived from international merchandise trade data",https://api.oec.world/tesseract/data.jsonrecords
UZB,Uzbekistan,2012,17,Transportation,741474182.0,"OEC/BACI HS6 REV. 1992, derived from international merchandise trade data",https://api.oec.world/tesseract/data.jsonrecords
UZB,Uzbekistan,2012,18,Instruments,11106271.0,"OEC/BACI HS6 REV. 1992, derived from international merchandise trade data",https://api.oec.world/tesseract/data.jsonrecords
UZB,Uzbekistan,2012,19,Weapons,41633.99999999999,"OEC/BACI HS6 REV. 1992, derived from international merchandise trade data",https://api.oec.world/tesseract/data.jsonrecords
UZB,Uzbekistan,2012,20,Miscellaneous,10264042.0,"OEC/BACI HS6 REV. 1992, derived from international merchandise trade data",https://api.oec.world/tesseract/data.jsonrecords
UZB,Uzbekistan,2012,21,Arts and Antiques,1230454.0,"OEC/BACI HS6 REV. 1992, derived from international merchandise trade data",https://api.oec.world/tesseract/data.jsonrecords
UZB,Uzbekistan,2013,01,Animal Products,11612411.0,"OEC/BACI HS6 REV. 1992, derived from international merchandise trade data",https://api.oec.world/tesseract/data.jsonrecords
UZB,Uzbekistan,2013,02,Vegetable Products,647165755.0,"OEC/BACI HS6 REV. 1992, derived from international merchandise trade data",https://api.oec.world/tesseract/data.jsonrecords
UZB,Uzbekistan,2013,03,Animal and Vegetable Bi-Products,118735.0,"OEC/BACI HS6 REV. 1992, derived from international merchandise trade data",https://api.oec.world/tesseract/data.jsonrecords
UZB,Uzbekistan,2013,04,Foodstuffs,62574275.0,"OEC/BACI HS6 REV. 1992, derived from international merchandise trade data",https://api.oec.world/tesseract/data.jsonrecords
UZB,Uzbekistan,2013,05,Mineral Products,1332810868.0,"OEC/BACI HS6 REV. 1992, derived from international merchandise trade data",https://api.oec.world/tesseract/data.jsonrecords
UZB,Uzbekistan,2013,06,Chemical Products,670247623.0,"OEC/BACI HS6 REV. 1992, derived from international merchandise trade data",https://api.oec.world/tesseract/data.jsonrecords
UZB,Uzbekistan,2013,07,Plastics and Rubbers,56371510.0,"OEC/BACI HS6 REV. 1992, derived from international merchandise trade data",https://api.oec.world/tesseract/data.jsonrecords
UZB,Uzbekistan,2013,08,Animal Hides,22925382.0,"OEC/BACI HS6 REV. 1992, derived from international merchandise trade data",https://api.oec.world/tesseract/data.jsonrecords
UZB,Uzbekistan,2013,09,Wood Products,1489558.0,"OEC/BACI HS6 REV. 1992, derived from international merchandise trade data",https://api.oec.world/tesseract/data.jsonrecords
UZB,Uzbekistan,2013,10,Paper Goods,14927902.0,"OEC/BACI HS6 REV. 1992, derived from international merchandise trade data",https://api.oec.world/tesseract/data.jsonrecords
UZB,Uzbekistan,2013,11,Textiles,1788862981.0,"OEC/BACI HS6 REV. 1992, derived from international merchandise trade data",https://api.oec.world/tesseract/data.jsonrecords
UZB,Uzbekistan,2013,12,Footwear and Headwear,10191532.0,"OEC/BACI HS6 REV. 1992, derived from international merchandise trade data",https://api.oec.world/tesseract/data.jsonrecords
UZB,Uzbekistan,2013,13,Stone And Glass,40414878.0,"OEC/BACI HS6 REV. 1992, derived from international merchandise trade data",https://api.oec.world/tesseract/data.jsonrecords
UZB,Uzbekistan,2013,14,Precious Metals,1809188265.0000002,"OEC/BACI HS6 REV. 1992, derived from international merchandise trade data",https://api.oec.world/tesseract/data.jsonrecords
UZB,Uzbekistan,2013,15,Metals,764268155.0,"OEC/BACI HS6 REV. 1992, derived from international merchandise trade data",https://api.oec.world/tesseract/data.jsonrecords
UZB,Uzbekistan,2013,16,Machines,134628528.0,"OEC/BACI HS6 REV. 1992, derived from international merchandise trade data",https://api.oec.world/tesseract/data.jsonrecords
UZB,Uzbekistan,2013,17,Transportation,678970682.9999999,"OEC/BACI HS6 REV. 1992, derived from international merchandise trade data",https://api.oec.world/tesseract/data.jsonrecords
UZB,Uzbekistan,2013,18,Instruments,10024885.0,"OEC/BACI HS6 REV. 1992, derived from international merchandise trade data",https://api.oec.world/tesseract/data.jsonrecords
UZB,Uzbekistan,2013,20,Miscellaneous,8710111.0,"OEC/BACI HS6 REV. 1992, derived from international merchandise trade data",https://api.oec.world/tesseract/data.jsonrecords
UZB,Uzbekistan,2013,21,Arts and Antiques,2815188.0,"OEC/BACI HS6 REV. 1992, derived from international merchandise trade data",https://api.oec.world/tesseract/data.jsonrecords
UZB,Uzbekistan,2014,01,Animal Products,10028230.0,"OEC/BACI HS6 REV. 1992, derived from international merchandise trade data",https://api.oec.world/tesseract/data.jsonrecords
UZB,Uzbekistan,2014,02,Vegetable Products,609223524.0,"OEC/BACI HS6 REV. 1992, derived from international merchandise trade data",https://api.oec.world/tesseract/data.jsonrecords
UZB,Uzbekistan,2014,03,Animal and Vegetable Bi-Products,125888.0,"OEC/BACI HS6 REV. 1992, derived from international merchandise trade data",https://api.oec.world/tesseract/data.jsonrecords
UZB,Uzbekistan,2014,04,Foodstuffs,57239506.0,"OEC/BACI HS6 REV. 1992, derived from international merchandise trade data",https://api.oec.world/tesseract/data.jsonrecords
UZB,Uzbekistan,2014,05,Mineral Products,1078099551.0,"OEC/BACI HS6 REV. 1992, derived from international merchandise trade data",https://api.oec.world/tesseract/data.jsonrecords
UZB,Uzbekistan,2014,06,Chemical Products,532898511.0,"OEC/BACI HS6 REV. 1992, derived from international merchandise trade data",https://api.oec.world/tesseract/data.jsonrecords
UZB,Uzbekistan,2014,07,Plastics and Rubbers,52855744.0,"OEC/BACI HS6 REV. 1992, derived from international merchandise trade data",https://api.oec.world/tesseract/data.jsonrecords
UZB,Uzbekistan,2014,08,Animal Hides,19824435.0,"OEC/BACI HS6 REV. 1992, derived from international merchandise trade data",https://api.oec.world/tesseract/data.jsonrecords
UZB,Uzbekistan,2014,09,Wood Products,1323039.0,"OEC/BACI HS6 REV. 1992, derived from international merchandise trade data",https://api.oec.world/tesseract/data.jsonrecords
UZB,Uzbekistan,2014,10,Paper Goods,16661972.0,"OEC/BACI HS6 REV. 1992, derived from international merchandise trade data",https://api.oec.world/tesseract/data.jsonrecords
UZB,Uzbekistan,2014,11,Textiles,1255320832.0,"OEC/BACI HS6 REV. 1992, derived from international merchandise trade data",https://api.oec.world/tesseract/data.jsonrecords
UZB,Uzbekistan,2014,12,Footwear and Headwear,10208949.0,"OEC/BACI HS6 REV. 1992, derived from international merchandise trade data",https://api.oec.world/tesseract/data.jsonrecords
UZB,Uzbekistan,2014,13,Stone And Glass,37881020.0,"OEC/BACI HS6 REV. 1992, derived from international merchandise trade data",https://api.oec.world/tesseract/data.jsonrecords
UZB,Uzbekistan,2014,14,Precious Metals,1446776762.0,"OEC/BACI HS6 REV. 1992, derived from international merchandise trade data",https://api.oec.world/tesseract/data.jsonrecords
UZB,Uzbekistan,2014,15,Metals,822686253.0,"OEC/BACI HS6 REV. 1992, derived from international merchandise trade data",https://api.oec.world/tesseract/data.jsonrecords
UZB,Uzbekistan,2014,16,Machines,98173570.0,"OEC/BACI HS6 REV. 1992, derived from international merchandise trade data",https://api.oec.world/tesseract/data.jsonrecords
UZB,Uzbekistan,2014,17,Transportation,476027688.0,"OEC/BACI HS6 REV. 1992, derived from international merchandise trade data",https://api.oec.world/tesseract/data.jsonrecords
UZB,Uzbekistan,2014,18,Instruments,6316481.0,"OEC/BACI HS6 REV. 1992, derived from international merchandise trade data",https://api.oec.world/tesseract/data.jsonrecords
UZB,Uzbekistan,2014,19,Weapons,529.0,"OEC/BACI HS6 REV. 1992, derived from international merchandise trade data",https://api.oec.world/tesseract/data.jsonrecords
UZB,Uzbekistan,2014,20,Miscellaneous,7153924.0,"OEC/BACI HS6 REV. 1992, derived from international merchandise trade data",https://api.oec.world/tesseract/data.jsonrecords
UZB,Uzbekistan,2014,21,Arts and Antiques,1337983.0,"OEC/BACI HS6 REV. 1992, derived from international merchandise trade data",https://api.oec.world/tesseract/data.jsonrecords
UZB,Uzbekistan,2015,01,Animal Products,10028486.0,"OEC/BACI HS6 REV. 1992, derived from international merchandise trade data",https://api.oec.world/tesseract/data.jsonrecords
UZB,Uzbekistan,2015,02,Vegetable Products,529853693.0,"OEC/BACI HS6 REV. 1992, derived from international merchandise trade data",https://api.oec.world/tesseract/data.jsonrecords
UZB,Uzbekistan,2015,03,Animal and Vegetable Bi-Products,155751.0,"OEC/BACI HS6 REV. 1992, derived from international merchandise trade data",https://api.oec.world/tesseract/data.jsonrecords
UZB,Uzbekistan,2015,04,Foodstuffs,43773153.0,"OEC/BACI HS6 REV. 1992, derived from international merchandise trade data",https://api.oec.world/tesseract/data.jsonrecords
UZB,Uzbekistan,2015,05,Mineral Products,676339865.0,"OEC/BACI HS6 REV. 1992, derived from international merchandise trade data",https://api.oec.world/tesseract/data.jsonrecords
UZB,Uzbekistan,2015,06,Chemical Products,636112701.0,"OEC/BACI HS6 REV. 1992, derived from international merchandise trade data",https://api.oec.world/tesseract/data.jsonrecords
UZB,Uzbekistan,2015,07,Plastics and Rubbers,46232594.0,"OEC/BACI HS6 REV. 1992, derived from international merchandise trade data",https://api.oec.world/tesseract/data.jsonrecords
UZB,Uzbekistan,2015,08,Animal Hides,23211346.0,"OEC/BACI HS6 REV. 1992, derived from international merchandise trade data",https://api.oec.world/tesseract/data.jsonrecords
UZB,Uzbekistan,2015,09,Wood Products,1205752.0,"OEC/BACI HS6 REV. 1992, derived from international merchandise trade data",https://api.oec.world/tesseract/data.jsonrecords
UZB,Uzbekistan,2015,10,Paper Goods,21046732.0,"OEC/BACI HS6 REV. 1992, derived from international merchandise trade data",https://api.oec.world/tesseract/data.jsonrecords
UZB,Uzbekistan,2015,11,Textiles,1411920597.0,"OEC/BACI HS6 REV. 1992, derived from international merchandise trade data",https://api.oec.world/tesseract/data.jsonrecords
UZB,Uzbekistan,2015,12,Footwear and Headwear,10975327.0,"OEC/BACI HS6 REV. 1992, derived from international merchandise trade data",https://api.oec.world/tesseract/data.jsonrecords
UZB,Uzbekistan,2015,13,Stone And Glass,15491196.0,"OEC/BACI HS6 REV. 1992, derived from international merchandise trade data",https://api.oec.world/tesseract/data.jsonrecords
UZB,Uzbekistan,2015,14,Precious Metals,1921188603.0,"OEC/BACI HS6 REV. 1992, derived from international merchandise trade data",https://api.oec.world/tesseract/data.jsonrecords
UZB,Uzbekistan,2015,15,Metals,720240547.0,"OEC/BACI HS6 REV. 1992, derived from international merchandise trade data",https://api.oec.world/tesseract/data.jsonrecords
UZB,Uzbekistan,2015,16,Machines,50531520.0,"OEC/BACI HS6 REV. 1992, derived from international merchandise trade data",https://api.oec.world/tesseract/data.jsonrecords
UZB,Uzbekistan,2015,17,Transportation,56739455.0,"OEC/BACI HS6 REV. 1992, derived from international merchandise trade data",https://api.oec.world/tesseract/data.jsonrecords
UZB,Uzbekistan,2015,18,Instruments,115445345.0,"OEC/BACI HS6 REV. 1992, derived from international merchandise trade data",https://api.oec.world/tesseract/data.jsonrecords
UZB,Uzbekistan,2015,20,Miscellaneous,5284908.0,"OEC/BACI HS6 REV. 1992, derived from international merchandise trade data",https://api.oec.world/tesseract/data.jsonrecords
UZB,Uzbekistan,2015,21,Arts and Antiques,2189581.0,"OEC/BACI HS6 REV. 1992, derived from international merchandise trade data",https://api.oec.world/tesseract/data.jsonrecords
UZB,Uzbekistan,2016,01,Animal Products,16427730.0,"OEC/BACI HS6 REV. 1992, derived from international merchandise trade data",https://api.oec.world/tesseract/data.jsonrecords
UZB,Uzbekistan,2016,02,Vegetable Products,699910213.0,"OEC/BACI HS6 REV. 1992, derived from international merchandise trade data",https://api.oec.world/tesseract/data.jsonrecords
UZB,Uzbekistan,2016,03,Animal and Vegetable Bi-Products,467323.0,"OEC/BACI HS6 REV. 1992, derived from international merchandise trade data",https://api.oec.world/tesseract/data.jsonrecords
UZB,Uzbekistan,2016,04,Foodstuffs,54298798.0,"OEC/BACI HS6 REV. 1992, derived from international merchandise trade data",https://api.oec.world/tesseract/data.jsonrecords
UZB,Uzbekistan,2016,05,Mineral Products,845703900.0,"OEC/BACI HS6 REV. 1992, derived from international merchandise trade data",https://api.oec.world/tesseract/data.jsonrecords
UZB,Uzbekistan,2016,06,Chemical Products,455784579.0,"OEC/BACI HS6 REV. 1992, derived from international merchandise trade data",https://api.oec.world/tesseract/data.jsonrecords
UZB,Uzbekistan,2016,07,Plastics and Rubbers,432265271.0,"OEC/BACI HS6 REV. 1992, derived from international merchandise trade data",https://api.oec.world/tesseract/data.jsonrecords
UZB,Uzbekistan,2016,08,Animal Hides,30702115.000000004,"OEC/BACI HS6 REV. 1992, derived from international merchandise trade data",https://api.oec.world/tesseract/data.jsonrecords
UZB,Uzbekistan,2016,09,Wood Products,1172497.0,"OEC/BACI HS6 REV. 1992, derived from international merchandise trade data",https://api.oec.world/tesseract/data.jsonrecords
UZB,Uzbekistan,2016,10,Paper Goods,20047617.0,"OEC/BACI HS6 REV. 1992, derived from international merchandise trade data",https://api.oec.world/tesseract/data.jsonrecords
UZB,Uzbekistan,2016,11,Textiles,1345565521.0,"OEC/BACI HS6 REV. 1992, derived from international merchandise trade data",https://api.oec.world/tesseract/data.jsonrecords
UZB,Uzbekistan,2016,12,Footwear and Headwear,14922060.0,"OEC/BACI HS6 REV. 1992, derived from international merchandise trade data",https://api.oec.world/tesseract/data.jsonrecords
UZB,Uzbekistan,2016,13,Stone And Glass,10988862.0,"OEC/BACI HS6 REV. 1992, derived from international merchandise trade data",https://api.oec.world/tesseract/data.jsonrecords
UZB,Uzbekistan,2016,14,Precious Metals,2880523432.0,"OEC/BACI HS6 REV. 1992, derived from international merchandise trade data",https://api.oec.world/tesseract/data.jsonrecords
UZB,Uzbekistan,2016,15,Metals,625007147.0,"OEC/BACI HS6 REV. 1992, derived from international merchandise trade data",https://api.oec.world/tesseract/data.jsonrecords
UZB,Uzbekistan,2016,16,Machines,62043363.0,"OEC/BACI HS6 REV. 1992, derived from international merchandise trade data",https://api.oec.world/tesseract/data.jsonrecords
UZB,Uzbekistan,2016,17,Transportation,33438781.000000004,"OEC/BACI HS6 REV. 1992, derived from international merchandise trade data",https://api.oec.world/tesseract/data.jsonrecords
UZB,Uzbekistan,2016,18,Instruments,145694808.0,"OEC/BACI HS6 REV. 1992, derived from international merchandise trade data",https://api.oec.world/tesseract/data.jsonrecords
UZB,Uzbekistan,2016,19,Weapons,126.0,"OEC/BACI HS6 REV. 1992, derived from international merchandise trade data",https://api.oec.world/tesseract/data.jsonrecords
UZB,Uzbekistan,2016,20,Miscellaneous,5155112.0,"OEC/BACI HS6 REV. 1992, derived from international merchandise trade data",https://api.oec.world/tesseract/data.jsonrecords
UZB,Uzbekistan,2016,21,Arts and Antiques,1850340.0,"OEC/BACI HS6 REV. 1992, derived from international merchandise trade data",https://api.oec.world/tesseract/data.jsonrecords
UZB,Uzbekistan,2017,01,Animal Products,26152954.0,"OEC/BACI HS6 REV. 1992, derived from international merchandise trade data",https://api.oec.world/tesseract/data.jsonrecords
UZB,Uzbekistan,2017,02,Vegetable Products,975724970.0,"OEC/BACI HS6 REV. 1992, derived from international merchandise trade data",https://api.oec.world/tesseract/data.jsonrecords
UZB,Uzbekistan,2017,03,Animal and Vegetable Bi-Products,743164.0,"OEC/BACI HS6 REV. 1992, derived from international merchandise trade data",https://api.oec.world/tesseract/data.jsonrecords
UZB,Uzbekistan,2017,04,Foodstuffs,78421566.0,"OEC/BACI HS6 REV. 1992, derived from international merchandise trade data",https://api.oec.world/tesseract/data.jsonrecords
UZB,Uzbekistan,2017,05,Mineral Products,1715500187.0,"OEC/BACI HS6 REV. 1992, derived from international merchandise trade data",https://api.oec.world/tesseract/data.jsonrecords
UZB,Uzbekistan,2017,06,Chemical Products,414734011.0,"OEC/BACI HS6 REV. 1992, derived from international merchandise trade data",https://api.oec.world/tesseract/data.jsonrecords
UZB,Uzbekistan,2017,07,Plastics and Rubbers,501587964.0,"OEC/BACI HS6 REV. 1992, derived from international merchandise trade data",https://api.oec.world/tesseract/data.jsonrecords
UZB,Uzbekistan,2017,08,Animal Hides,131279918.0,"OEC/BACI HS6 REV. 1992, derived from international merchandise trade data",https://api.oec.world/tesseract/data.jsonrecords
UZB,Uzbekistan,2017,09,Wood Products,2152044.0,"OEC/BACI HS6 REV. 1992, derived from international merchandise trade data",https://api.oec.world/tesseract/data.jsonrecords
UZB,Uzbekistan,2017,10,Paper Goods,36240672.0,"OEC/BACI HS6 REV. 1992, derived from international merchandise trade data",https://api.oec.world/tesseract/data.jsonrecords
UZB,Uzbekistan,2017,11,Textiles,1665840425.0,"OEC/BACI HS6 REV. 1992, derived from international merchandise trade data",https://api.oec.world/tesseract/data.jsonrecords
UZB,Uzbekistan,2017,12,Footwear and Headwear,17932348.0,"OEC/BACI HS6 REV. 1992, derived from international merchandise trade data",https://api.oec.world/tesseract/data.jsonrecords
UZB,Uzbekistan,2017,13,Stone And Glass,88605677.0,"OEC/BACI HS6 REV. 1992, derived from international merchandise trade data",https://api.oec.world/tesseract/data.jsonrecords
UZB,Uzbekistan,2017,14,Precious Metals,3762390914.0,"OEC/BACI HS6 REV. 1992, derived from international merchandise trade data",https://api.oec.world/tesseract/data.jsonrecords
UZB,Uzbekistan,2017,15,Metals,1049874042.0,"OEC/BACI HS6 REV. 1992, derived from international merchandise trade data",https://api.oec.world/tesseract/data.jsonrecords
UZB,Uzbekistan,2017,16,Machines,208510041.0,"OEC/BACI HS6 REV. 1992, derived from international merchandise trade data",https://api.oec.world/tesseract/data.jsonrecords
UZB,Uzbekistan,2017,17,Transportation,177192770.0,"OEC/BACI HS6 REV. 1992, derived from international merchandise trade data",https://api.oec.world/tesseract/data.jsonrecords
UZB,Uzbekistan,2017,18,Instruments,161466677.0,"OEC/BACI HS6 REV. 1992, derived from international merchandise trade data",https://api.oec.world/tesseract/data.jsonrecords
UZB,Uzbekistan,2017,19,Weapons,376.0,"OEC/BACI HS6 REV. 1992, derived from international merchandise trade data",https://api.oec.world/tesseract/data.jsonrecords
UZB,Uzbekistan,2017,20,Miscellaneous,9861633.0,"OEC/BACI HS6 REV. 1992, derived from international merchandise trade data",https://api.oec.world/tesseract/data.jsonrecords
UZB,Uzbekistan,2017,21,Arts and Antiques,851264.0,"OEC/BACI HS6 REV. 1992, derived from international merchandise trade data",https://api.oec.world/tesseract/data.jsonrecords
UZB,Uzbekistan,2018,01,Animal Products,17427240.0,"OEC/BACI HS6 REV. 1992, derived from international merchandise trade data",https://api.oec.world/tesseract/data.jsonrecords
UZB,Uzbekistan,2018,02,Vegetable Products,1128241625.0,"OEC/BACI HS6 REV. 1992, derived from international merchandise trade data",https://api.oec.world/tesseract/data.jsonrecords
UZB,Uzbekistan,2018,03,Animal and Vegetable Bi-Products,2209194.0,"OEC/BACI HS6 REV. 1992, derived from international merchandise trade data",https://api.oec.world/tesseract/data.jsonrecords
UZB,Uzbekistan,2018,04,Foodstuffs,76169491.0,"OEC/BACI HS6 REV. 1992, derived from international merchandise trade data",https://api.oec.world/tesseract/data.jsonrecords
UZB,Uzbekistan,2018,05,Mineral Products,2751123878.0,"OEC/BACI HS6 REV. 1992, derived from international merchandise trade data",https://api.oec.world/tesseract/data.jsonrecords
UZB,Uzbekistan,2018,06,Chemical Products,364319364.0,"OEC/BACI HS6 REV. 1992, derived from international merchandise trade data",https://api.oec.world/tesseract/data.jsonrecords
UZB,Uzbekistan,2018,07,Plastics and Rubbers,490496020.0,"OEC/BACI HS6 REV. 1992, derived from international merchandise trade data",https://api.oec.world/tesseract/data.jsonrecords
UZB,Uzbekistan,2018,08,Animal Hides,125157960.0,"OEC/BACI HS6 REV. 1992, derived from international merchandise trade data",https://api.oec.world/tesseract/data.jsonrecords
UZB,Uzbekistan,2018,09,Wood Products,3951323.0,"OEC/BACI HS6 REV. 1992, derived from international merchandise trade data",https://api.oec.world/tesseract/data.jsonrecords
UZB,Uzbekistan,2018,10,Paper Goods,41392607.0,"OEC/BACI HS6 REV. 1992, derived from international merchandise trade data",https://api.oec.world/tesseract/data.jsonrecords
UZB,Uzbekistan,2018,11,Textiles,1574711285.0,"OEC/BACI HS6 REV. 1992, derived from international merchandise trade data",https://api.oec.world/tesseract/data.jsonrecords
UZB,Uzbekistan,2018,12,Footwear and Headwear,15366065.0,"OEC/BACI HS6 REV. 1992, derived from international merchandise trade data",https://api.oec.world/tesseract/data.jsonrecords
UZB,Uzbekistan,2018,13,Stone And Glass,30265333.0,"OEC/BACI HS6 REV. 1992, derived from international merchandise trade data",https://api.oec.world/tesseract/data.jsonrecords
UZB,Uzbekistan,2018,14,Precious Metals,2582519316.0000005,"OEC/BACI HS6 REV. 1992, derived from international merchandise trade data",https://api.oec.world/tesseract/data.jsonrecords
UZB,Uzbekistan,2018,15,Metals,1221246395.0,"OEC/BACI HS6 REV. 1992, derived from international merchandise trade data",https://api.oec.world/tesseract/data.jsonrecords
UZB,Uzbekistan,2018,16,Machines,139067549.0,"OEC/BACI HS6 REV. 1992, derived from international merchandise trade data",https://api.oec.world/tesseract/data.jsonrecords
UZB,Uzbekistan,2018,17,Transportation,82598708.0,"OEC/BACI HS6 REV. 1992, derived from international merchandise trade data",https://api.oec.world/tesseract/data.jsonrecords
UZB,Uzbekistan,2018,18,Instruments,175504120.0,"OEC/BACI HS6 REV. 1992, derived from international merchandise trade data",https://api.oec.world/tesseract/data.jsonrecords
UZB,Uzbekistan,2018,19,Weapons,300.0,"OEC/BACI HS6 REV. 1992, derived from international merchandise trade data",https://api.oec.world/tesseract/data.jsonrecords
UZB,Uzbekistan,2018,20,Miscellaneous,9936920.0,"OEC/BACI HS6 REV. 1992, derived from international merchandise trade data",https://api.oec.world/tesseract/data.jsonrecords
UZB,Uzbekistan,2018,21,Arts and Antiques,958203.0,"OEC/BACI HS6 REV. 1992, derived from international merchandise trade data",https://api.oec.world/tesseract/data.jsonrecords
UZB,Uzbekistan,2019,01,Animal Products,17950216.0,"OEC/BACI HS6 REV. 1992, derived from international merchandise trade data",https://api.oec.world/tesseract/data.jsonrecords
UZB,Uzbekistan,2019,02,Vegetable Products,1465126398.0,"OEC/BACI HS6 REV. 1992, derived from international merchandise trade data",https://api.oec.world/tesseract/data.jsonrecords
UZB,Uzbekistan,2019,03,Animal and Vegetable Bi-Products,19555299.0,"OEC/BACI HS6 REV. 1992, derived from international merchandise trade data",https://api.oec.world/tesseract/data.jsonrecords
UZB,Uzbekistan,2019,04,Foodstuffs,114687456.0,"OEC/BACI HS6 REV. 1992, derived from international merchandise trade data",https://api.oec.world/tesseract/data.jsonrecords
UZB,Uzbekistan,2019,05,Mineral Products,2605641116.0,"OEC/BACI HS6 REV. 1992, derived from international merchandise trade data",https://api.oec.world/tesseract/data.jsonrecords
UZB,Uzbekistan,2019,06,Chemical Products,379306942.0,"OEC/BACI HS6 REV. 1992, derived from international merchandise trade data",https://api.oec.world/tesseract/data.jsonrecords
UZB,Uzbekistan,2019,07,Plastics and Rubbers,417503812.0,"OEC/BACI HS6 REV. 1992, derived from international merchandise trade data",https://api.oec.world/tesseract/data.jsonrecords
UZB,Uzbekistan,2019,08,Animal Hides,52739823.0,"OEC/BACI HS6 REV. 1992, derived from international merchandise trade data",https://api.oec.world/tesseract/data.jsonrecords
UZB,Uzbekistan,2019,09,Wood Products,2631651.0,"OEC/BACI HS6 REV. 1992, derived from international merchandise trade data",https://api.oec.world/tesseract/data.jsonrecords
UZB,Uzbekistan,2019,10,Paper Goods,41568749.0,"OEC/BACI HS6 REV. 1992, derived from international merchandise trade data",https://api.oec.world/tesseract/data.jsonrecords
UZB,Uzbekistan,2019,11,Textiles,1973510494.0,"OEC/BACI HS6 REV. 1992, derived from international merchandise trade data",https://api.oec.world/tesseract/data.jsonrecords
UZB,Uzbekistan,2019,12,Footwear and Headwear,36972513.0,"OEC/BACI HS6 REV. 1992, derived from international merchandise trade data",https://api.oec.world/tesseract/data.jsonrecords
UZB,Uzbekistan,2019,13,Stone And Glass,47022086.0,"OEC/BACI HS6 REV. 1992, derived from international merchandise trade data",https://api.oec.world/tesseract/data.jsonrecords
UZB,Uzbekistan,2019,14,Precious Metals,5418552299.0,"OEC/BACI HS6 REV. 1992, derived from international merchandise trade data",https://api.oec.world/tesseract/data.jsonrecords
UZB,Uzbekistan,2019,15,Metals,1168389515.0,"OEC/BACI HS6 REV. 1992, derived from international merchandise trade data",https://api.oec.world/tesseract/data.jsonrecords
UZB,Uzbekistan,2019,16,Machines,205820698.0,"OEC/BACI HS6 REV. 1992, derived from international merchandise trade data",https://api.oec.world/tesseract/data.jsonrecords
UZB,Uzbekistan,2019,17,Transportation,193410168.0,"OEC/BACI HS6 REV. 1992, derived from international merchandise trade data",https://api.oec.world/tesseract/data.jsonrecords
UZB,Uzbekistan,2019,18,Instruments,109669388.00000001,"OEC/BACI HS6 REV. 1992, derived from international merchandise trade data",https://api.oec.world/tesseract/data.jsonrecords
UZB,Uzbekistan,2019,19,Weapons,335074.0,"OEC/BACI HS6 REV. 1992, derived from international merchandise trade data",https://api.oec.world/tesseract/data.jsonrecords
UZB,Uzbekistan,2019,20,Miscellaneous,14073916.0,"OEC/BACI HS6 REV. 1992, derived from international merchandise trade data",https://api.oec.world/tesseract/data.jsonrecords
UZB,Uzbekistan,2019,21,Arts and Antiques,682143.0,"OEC/BACI HS6 REV. 1992, derived from international merchandise trade data",https://api.oec.world/tesseract/data.jsonrecords
UZB,Uzbekistan,2020,01,Animal Products,26498579.0,"OEC/BACI HS6 REV. 1992, derived from international merchandise trade data",https://api.oec.world/tesseract/data.jsonrecords
UZB,Uzbekistan,2020,02,Vegetable Products,1389474460.0,"OEC/BACI HS6 REV. 1992, derived from international merchandise trade data",https://api.oec.world/tesseract/data.jsonrecords
UZB,Uzbekistan,2020,03,Animal and Vegetable Bi-Products,31390438.0,"OEC/BACI HS6 REV. 1992, derived from international merchandise trade data",https://api.oec.world/tesseract/data.jsonrecords
UZB,Uzbekistan,2020,04,Foodstuffs,111171376.0,"OEC/BACI HS6 REV. 1992, derived from international merchandise trade data",https://api.oec.world/tesseract/data.jsonrecords
UZB,Uzbekistan,2020,05,Mineral Products,931983791.0,"OEC/BACI HS6 REV. 1992, derived from international merchandise trade data",https://api.oec.world/tesseract/data.jsonrecords
UZB,Uzbekistan,2020,06,Chemical Products,460536256.0,"OEC/BACI HS6 REV. 1992, derived from international merchandise trade data",https://api.oec.world/tesseract/data.jsonrecords
UZB,Uzbekistan,2020,07,Plastics and Rubbers,341131240.0,"OEC/BACI HS6 REV. 1992, derived from international merchandise trade data",https://api.oec.world/tesseract/data.jsonrecords
UZB,Uzbekistan,2020,08,Animal Hides,35828917.0,"OEC/BACI HS6 REV. 1992, derived from international merchandise trade data",https://api.oec.world/tesseract/data.jsonrecords
UZB,Uzbekistan,2020,09,Wood Products,5937915.0,"OEC/BACI HS6 REV. 1992, derived from international merchandise trade data",https://api.oec.world/tesseract/data.jsonrecords
UZB,Uzbekistan,2020,10,Paper Goods,41689738.0,"OEC/BACI HS6 REV. 1992, derived from international merchandise trade data",https://api.oec.world/tesseract/data.jsonrecords
UZB,Uzbekistan,2020,11,Textiles,2135167106.0,"OEC/BACI HS6 REV. 1992, derived from international merchandise trade data",https://api.oec.world/tesseract/data.jsonrecords
UZB,Uzbekistan,2020,12,Footwear and Headwear,39283417.0,"OEC/BACI HS6 REV. 1992, derived from international merchandise trade data",https://api.oec.world/tesseract/data.jsonrecords
UZB,Uzbekistan,2020,13,Stone And Glass,69468021.0,"OEC/BACI HS6 REV. 1992, derived from international merchandise trade data",https://api.oec.world/tesseract/data.jsonrecords
UZB,Uzbekistan,2020,14,Precious Metals,6651319849.0,"OEC/BACI HS6 REV. 1992, derived from international merchandise trade data",https://api.oec.world/tesseract/data.jsonrecords
UZB,Uzbekistan,2020,15,Metals,1121882928.0,"OEC/BACI HS6 REV. 1992, derived from international merchandise trade data",https://api.oec.world/tesseract/data.jsonrecords
UZB,Uzbekistan,2020,16,Machines,241565990.0,"OEC/BACI HS6 REV. 1992, derived from international merchandise trade data",https://api.oec.world/tesseract/data.jsonrecords
UZB,Uzbekistan,2020,17,Transportation,225595793.0,"OEC/BACI HS6 REV. 1992, derived from international merchandise trade data",https://api.oec.world/tesseract/data.jsonrecords
UZB,Uzbekistan,2020,18,Instruments,9868767.0,"OEC/BACI HS6 REV. 1992, derived from international merchandise trade data",https://api.oec.world/tesseract/data.jsonrecords
UZB,Uzbekistan,2020,19,Weapons,747.0,"OEC/BACI HS6 REV. 1992, derived from international merchandise trade data",https://api.oec.world/tesseract/data.jsonrecords
UZB,Uzbekistan,2020,20,Miscellaneous,27335774.0,"OEC/BACI HS6 REV. 1992, derived from international merchandise trade data",https://api.oec.world/tesseract/data.jsonrecords
UZB,Uzbekistan,2020,21,Arts and Antiques,317883.0,"OEC/BACI HS6 REV. 1992, derived from international merchandise trade data",https://api.oec.world/tesseract/data.jsonrecords
UZB,Uzbekistan,2021,01,Animal Products,40212683.0,"OEC/BACI HS6 REV. 1992, derived from international merchandise trade data",https://api.oec.world/tesseract/data.jsonrecords
UZB,Uzbekistan,2021,02,Vegetable Products,1355895478.0,"OEC/BACI HS6 REV. 1992, derived from international merchandise trade data",https://api.oec.world/tesseract/data.jsonrecords
UZB,Uzbekistan,2021,03,Animal and Vegetable Bi-Products,6602321.0,"OEC/BACI HS6 REV. 1992, derived from international merchandise trade data",https://api.oec.world/tesseract/data.jsonrecords
UZB,Uzbekistan,2021,04,Foodstuffs,150137161.0,"OEC/BACI HS6 REV. 1992, derived from international merchandise trade data",https://api.oec.world/tesseract/data.jsonrecords
UZB,Uzbekistan,2021,05,Mineral Products,1085271665.0,"OEC/BACI HS6 REV. 1992, derived from international merchandise trade data",https://api.oec.world/tesseract/data.jsonrecords
UZB,Uzbekistan,2021,06,Chemical Products,924782216.0,"OEC/BACI HS6 REV. 1992, derived from international merchandise trade data",https://api.oec.world/tesseract/data.jsonrecords
UZB,Uzbekistan,2021,07,Plastics and Rubbers,459886011.0,"OEC/BACI HS6 REV. 1992, derived from international merchandise trade data",https://api.oec.world/tesseract/data.jsonrecords
UZB,Uzbekistan,2021,08,Animal Hides,45977061.99999999,"OEC/BACI HS6 REV. 1992, derived from international merchandise trade data",https://api.oec.world/tesseract/data.jsonrecords
UZB,Uzbekistan,2021,09,Wood Products,16624873.0,"OEC/BACI HS6 REV. 1992, derived from international merchandise trade data",https://api.oec.world/tesseract/data.jsonrecords
UZB,Uzbekistan,2021,10,Paper Goods,63812788.0,"OEC/BACI HS6 REV. 1992, derived from international merchandise trade data",https://api.oec.world/tesseract/data.jsonrecords
UZB,Uzbekistan,2021,11,Textiles,3189205906.0,"OEC/BACI HS6 REV. 1992, derived from international merchandise trade data",https://api.oec.world/tesseract/data.jsonrecords
UZB,Uzbekistan,2021,12,Footwear and Headwear,41308185.0,"OEC/BACI HS6 REV. 1992, derived from international merchandise trade data",https://api.oec.world/tesseract/data.jsonrecords
UZB,Uzbekistan,2021,13,Stone And Glass,134735926.0,"OEC/BACI HS6 REV. 1992, derived from international merchandise trade data",https://api.oec.world/tesseract/data.jsonrecords
UZB,Uzbekistan,2021,14,Precious Metals,4736649406.0,"OEC/BACI HS6 REV. 1992, derived from international merchandise trade data",https://api.oec.world/tesseract/data.jsonrecords
UZB,Uzbekistan,2021,15,Metals,1750583229.0,"OEC/BACI HS6 REV. 1992, derived from international merchandise trade data",https://api.oec.world/tesseract/data.jsonrecords
UZB,Uzbekistan,2021,16,Machines,303300344.0,"OEC/BACI HS6 REV. 1992, derived from international merchandise trade data",https://api.oec.world/tesseract/data.jsonrecords
UZB,Uzbekistan,2021,17,Transportation,406644092.0,"OEC/BACI HS6 REV. 1992, derived from international merchandise trade data",https://api.oec.world/tesseract/data.jsonrecords
UZB,Uzbekistan,2021,18,Instruments,10621076.0,"OEC/BACI HS6 REV. 1992, derived from international merchandise trade data",https://api.oec.world/tesseract/data.jsonrecords
UZB,Uzbekistan,2021,19,Weapons,2440834.0,"OEC/BACI HS6 REV. 1992, derived from international merchandise trade data",https://api.oec.world/tesseract/data.jsonrecords
UZB,Uzbekistan,2021,20,Miscellaneous,29184110.0,"OEC/BACI HS6 REV. 1992, derived from international merchandise trade data",https://api.oec.world/tesseract/data.jsonrecords
UZB,Uzbekistan,2021,21,Arts and Antiques,644838.0,"OEC/BACI HS6 REV. 1992, derived from international merchandise trade data",https://api.oec.world/tesseract/data.jsonrecords
UZB,Uzbekistan,2022,01,Animal Products,53673563.0,"OEC/BACI HS6 REV. 1992, derived from international merchandise trade data",https://api.oec.world/tesseract/data.jsonrecords
UZB,Uzbekistan,2022,02,Vegetable Products,1502417006.0,"OEC/BACI HS6 REV. 1992, derived from international merchandise trade data",https://api.oec.world/tesseract/data.jsonrecords
UZB,Uzbekistan,2022,03,Animal and Vegetable Bi-Products,35432152.0,"OEC/BACI HS6 REV. 1992, derived from international merchandise trade data",https://api.oec.world/tesseract/data.jsonrecords
UZB,Uzbekistan,2022,04,Foodstuffs,243252768.0,"OEC/BACI HS6 REV. 1992, derived from international merchandise trade data",https://api.oec.world/tesseract/data.jsonrecords
UZB,Uzbekistan,2022,05,Mineral Products,1504264127.0,"OEC/BACI HS6 REV. 1992, derived from international merchandise trade data",https://api.oec.world/tesseract/data.jsonrecords
UZB,Uzbekistan,2022,06,Chemical Products,976581698.0,"OEC/BACI HS6 REV. 1992, derived from international merchandise trade data",https://api.oec.world/tesseract/data.jsonrecords
UZB,Uzbekistan,2022,07,Plastics and Rubbers,441855882.0,"OEC/BACI HS6 REV. 1992, derived from international merchandise trade data",https://api.oec.world/tesseract/data.jsonrecords
UZB,Uzbekistan,2022,08,Animal Hides,48022493.0,"OEC/BACI HS6 REV. 1992, derived from international merchandise trade data",https://api.oec.world/tesseract/data.jsonrecords
UZB,Uzbekistan,2022,09,Wood Products,24096893.0,"OEC/BACI HS6 REV. 1992, derived from international merchandise trade data",https://api.oec.world/tesseract/data.jsonrecords
UZB,Uzbekistan,2022,10,Paper Goods,137041804.0,"OEC/BACI HS6 REV. 1992, derived from international merchandise trade data",https://api.oec.world/tesseract/data.jsonrecords
UZB,Uzbekistan,2022,11,Textiles,3320520397.0,"OEC/BACI HS6 REV. 1992, derived from international merchandise trade data",https://api.oec.world/tesseract/data.jsonrecords
UZB,Uzbekistan,2022,12,Footwear and Headwear,51859296.0,"OEC/BACI HS6 REV. 1992, derived from international merchandise trade data",https://api.oec.world/tesseract/data.jsonrecords
UZB,Uzbekistan,2022,13,Stone And Glass,176437949.0,"OEC/BACI HS6 REV. 1992, derived from international merchandise trade data",https://api.oec.world/tesseract/data.jsonrecords
UZB,Uzbekistan,2022,14,Precious Metals,5538765670.0,"OEC/BACI HS6 REV. 1992, derived from international merchandise trade data",https://api.oec.world/tesseract/data.jsonrecords
UZB,Uzbekistan,2022,15,Metals,1852307636.0,"OEC/BACI HS6 REV. 1992, derived from international merchandise trade data",https://api.oec.world/tesseract/data.jsonrecords
UZB,Uzbekistan,2022,16,Machines,650810698.0,"OEC/BACI HS6 REV. 1992, derived from international merchandise trade data",https://api.oec.world/tesseract/data.jsonrecords
UZB,Uzbekistan,2022,17,Transportation,379418052.0,"OEC/BACI HS6 REV. 1992, derived from international merchandise trade data",https://api.oec.world/tesseract/data.jsonrecords
UZB,Uzbekistan,2022,18,Instruments,15000704.0,"OEC/BACI HS6 REV. 1992, derived from international merchandise trade data",https://api.oec.world/tesseract/data.jsonrecords
UZB,Uzbekistan,2022,19,Weapons,952191.0,"OEC/BACI HS6 REV. 1992, derived from international merchandise trade data",https://api.oec.world/tesseract/data.jsonrecords
UZB,Uzbekistan,2022,20,Miscellaneous,37923634.0,"OEC/BACI HS6 REV. 1992, derived from international merchandise trade data",https://api.oec.world/tesseract/data.jsonrecords
UZB,Uzbekistan,2022,21,Arts and Antiques,401198.0,"OEC/BACI HS6 REV. 1992, derived from international merchandise trade data",https://api.oec.world/tesseract/data.jsonrecords
UZB,Uzbekistan,2023,01,Animal Products,38709723.0,"OEC/BACI HS6 REV. 1992, derived from international merchandise trade data",https://api.oec.world/tesseract/data.jsonrecords
UZB,Uzbekistan,2023,02,Vegetable Products,1791645318.0,"OEC/BACI HS6 REV. 1992, derived from international merchandise trade data",https://api.oec.world/tesseract/data.jsonrecords
UZB,Uzbekistan,2023,03,Animal and Vegetable Bi-Products,19043050.0,"OEC/BACI HS6 REV. 1992, derived from international merchandise trade data",https://api.oec.world/tesseract/data.jsonrecords
UZB,Uzbekistan,2023,04,Foodstuffs,338220008.0,"OEC/BACI HS6 REV. 1992, derived from international merchandise trade data",https://api.oec.world/tesseract/data.jsonrecords
UZB,Uzbekistan,2023,05,Mineral Products,1146937334.0,"OEC/BACI HS6 REV. 1992, derived from international merchandise trade data",https://api.oec.world/tesseract/data.jsonrecords
UZB,Uzbekistan,2023,06,Chemical Products,1407433710.0,"OEC/BACI HS6 REV. 1992, derived from international merchandise trade data",https://api.oec.world/tesseract/data.jsonrecords
UZB,Uzbekistan,2023,07,Plastics and Rubbers,456446029.0,"OEC/BACI HS6 REV. 1992, derived from international merchandise trade data",https://api.oec.world/tesseract/data.jsonrecords
UZB,Uzbekistan,2023,08,Animal Hides,57589822.0,"OEC/BACI HS6 REV. 1992, derived from international merchandise trade data",https://api.oec.world/tesseract/data.jsonrecords
UZB,Uzbekistan,2023,09,Wood Products,23070026.0,"OEC/BACI HS6 REV. 1992, derived from international merchandise trade data",https://api.oec.world/tesseract/data.jsonrecords
UZB,Uzbekistan,2023,10,Paper Goods,129410336.0,"OEC/BACI HS6 REV. 1992, derived from international merchandise trade data",https://api.oec.world/tesseract/data.jsonrecords
UZB,Uzbekistan,2023,11,Textiles,3830070339.0,"OEC/BACI HS6 REV. 1992, derived from international merchandise trade data",https://api.oec.world/tesseract/data.jsonrecords
UZB,Uzbekistan,2023,12,Footwear and Headwear,45946778.0,"OEC/BACI HS6 REV. 1992, derived from international merchandise trade data",https://api.oec.world/tesseract/data.jsonrecords
UZB,Uzbekistan,2023,13,Stone And Glass,163441251.0,"OEC/BACI HS6 REV. 1992, derived from international merchandise trade data",https://api.oec.world/tesseract/data.jsonrecords
UZB,Uzbekistan,2023,14,Precious Metals,11433677761.0,"OEC/BACI HS6 REV. 1992, derived from international merchandise trade data",https://api.oec.world/tesseract/data.jsonrecords
UZB,Uzbekistan,2023,15,Metals,1975591567.0,"OEC/BACI HS6 REV. 1992, derived from international merchandise trade data",https://api.oec.world/tesseract/data.jsonrecords
UZB,Uzbekistan,2023,16,Machines,834657457.0,"OEC/BACI HS6 REV. 1992, derived from international merchandise trade data",https://api.oec.world/tesseract/data.jsonrecords
UZB,Uzbekistan,2023,17,Transportation,644649972.0,"OEC/BACI HS6 REV. 1992, derived from international merchandise trade data",https://api.oec.world/tesseract/data.jsonrecords
UZB,Uzbekistan,2023,18,Instruments,29568915.0,"OEC/BACI HS6 REV. 1992, derived from international merchandise trade data",https://api.oec.world/tesseract/data.jsonrecords
UZB,Uzbekistan,2023,19,Weapons,57.0,"OEC/BACI HS6 REV. 1992, derived from international merchandise trade data",https://api.oec.world/tesseract/data.jsonrecords
UZB,Uzbekistan,2023,20,Miscellaneous,35253086.0,"OEC/BACI HS6 REV. 1992, derived from international merchandise trade data",https://api.oec.world/tesseract/data.jsonrecords
UZB,Uzbekistan,2023,21,Arts and Antiques,25029762.0,"OEC/BACI HS6 REV. 1992, derived from international merchandise trade data",https://api.oec.world/tesseract/data.jsonrecords
