dataset,country_code,country,year,variable,value,source
economic_complexity,VNM,Vietnam,2010,ECI,-0.26465482918081484,"OEC Economic Complexity Indicators, HS4 REV. 1992"
economic_complexity,VNM,Vietnam,2011,ECI,-0.19352657228094844,"OEC Economic Complexity Indicators, HS4 REV. 1992"
economic_complexity,VNM,Vietnam,2012,ECI,-0.12807561609566276,"OEC Economic Complexity Indicators, HS4 REV. 1992"
economic_complexity,VNM,Vietnam,2013,ECI,-0.15178822729450464,"OEC Economic Complexity Indicators, HS4 REV. 1992"
economic_complexity,VNM,Vietnam,2014,ECI,-0.05039937555088914,"OEC Economic Complexity Indicators, HS4 REV. 1992"
economic_complexity,VNM,Vietnam,2015,ECI,0.0621385302038857,"OEC Economic Complexity Indicators, HS4 REV. 1992"
economic_complexity,VNM,Vietnam,2016,ECI,0.014006345141303207,"OEC Economic Complexity Indicators, HS4 REV. 1992"
economic_complexity,VNM,Vietnam,2017,ECI,0.0030552913260753654,"OEC Economic Complexity Indicators, HS4 REV. 1992"
economic_complexity,VNM,Vietnam,2018,ECI,0.041656741277306814,"OEC Economic Complexity Indicators, HS4 REV. 1992"
economic_complexity,VNM,Vietnam,2019,ECI,0.09252425618409484,"OEC Economic Complexity Indicators, HS4 REV. 1992"
economic_complexity,VNM,Vietnam,2020,ECI,0.18742724237599695,"OEC Economic Complexity Indicators, HS4 REV. 1992"
economic_complexity,VNM,Vietnam,2021,ECI,0.2911477593987269,"OEC Economic Complexity Indicators, HS4 REV. 1992"
economic_complexity,VNM,Vietnam,2022,ECI,0.3038242853058165,"OEC Economic Complexity Indicators, HS4 REV. 1992"
economic_complexity,VNM,Vietnam,2023,ECI,0.3089636949380501,"OEC Economic Complexity Indicators, HS4 REV. 1992"
exports_by_hs_section,VNM,Vietnam,2010,Animal Hides,1433126801.0,"OEC/BACI HS6 REV. 1992, derived from international merchandise trade data"
exports_by_hs_section,VNM,Vietnam,2010,Animal Products,4074008925.0,"OEC/BACI HS6 REV. 1992, derived from international merchandise trade data"
exports_by_hs_section,VNM,Vietnam,2010,Animal and Vegetable Bi-Products,106879468.0,"OEC/BACI HS6 REV. 1992, derived from international merchandise trade data"
exports_by_hs_section,VNM,Vietnam,2010,Arts and Antiques,3565433.0,"OEC/BACI HS6 REV. 1992, derived from international merchandise trade data"
exports_by_hs_section,VNM,Vietnam,2010,Chemical Products,1393296442.0,"OEC/BACI HS6 REV. 1992, derived from international merchandise trade data"
exports_by_hs_section,VNM,Vietnam,2010,Foodstuffs,2016480431.0,"OEC/BACI HS6 REV. 1992, derived from international merchandise trade data"
exports_by_hs_section,VNM,Vietnam,2010,Footwear and Headwear,8252665121.0,"OEC/BACI HS6 REV. 1992, derived from international merchandise trade data"
exports_by_hs_section,VNM,Vietnam,2010,Instruments,842683745.0,"OEC/BACI HS6 REV. 1992, derived from international merchandise trade data"
exports_by_hs_section,VNM,Vietnam,2010,Machines,13308354568.0,"OEC/BACI HS6 REV. 1992, derived from international merchandise trade data"
exports_by_hs_section,VNM,Vietnam,2010,Metals,3172090738.0,"OEC/BACI HS6 REV. 1992, derived from international merchandise trade data"
exports_by_hs_section,VNM,Vietnam,2010,Mineral Products,8895795298.0,"OEC/BACI HS6 REV. 1992, derived from international merchandise trade data"
exports_by_hs_section,VNM,Vietnam,2010,Miscellaneous,5035659806.0,"OEC/BACI HS6 REV. 1992, derived from international merchandise trade data"
exports_by_hs_section,VNM,Vietnam,2010,Paper Goods,432793423.0,"OEC/BACI HS6 REV. 1992, derived from international merchandise trade data"
exports_by_hs_section,VNM,Vietnam,2010,Plastics and Rubbers,3208026730.0,"OEC/BACI HS6 REV. 1992, derived from international merchandise trade data"
exports_by_hs_section,VNM,Vietnam,2010,Precious Metals,1344460605.0,"OEC/BACI HS6 REV. 1992, derived from international merchandise trade data"
exports_by_hs_section,VNM,Vietnam,2010,Stone And Glass,952334918.0,"OEC/BACI HS6 REV. 1992, derived from international merchandise trade data"
exports_by_hs_section,VNM,Vietnam,2010,Textiles,15044773486.0,"OEC/BACI HS6 REV. 1992, derived from international merchandise trade data"
exports_by_hs_section,VNM,Vietnam,2010,Transportation,1570360621.0,"OEC/BACI HS6 REV. 1992, derived from international merchandise trade data"
exports_by_hs_section,VNM,Vietnam,2010,Vegetable Products,7774683724.0,"OEC/BACI HS6 REV. 1992, derived from international merchandise trade data"
exports_by_hs_section,VNM,Vietnam,2010,Weapons,838934.0,"OEC/BACI HS6 REV. 1992, derived from international merchandise trade data"
exports_by_hs_section,VNM,Vietnam,2010,Wood Products,1212996408.0,"OEC/BACI HS6 REV. 1992, derived from international merchandise trade data"
exports_by_hs_section,VNM,Vietnam,2011,Animal Hides,1858124967.0,"OEC/BACI HS6 REV. 1992, derived from international merchandise trade data"
exports_by_hs_section,VNM,Vietnam,2011,Animal Products,4879422499.0,"OEC/BACI HS6 REV. 1992, derived from international merchandise trade data"
exports_by_hs_section,VNM,Vietnam,2011,Animal and Vegetable Bi-Products,208562691.0,"OEC/BACI HS6 REV. 1992, derived from international merchandise trade data"
exports_by_hs_section,VNM,Vietnam,2011,Arts and Antiques,4726924.0,"OEC/BACI HS6 REV. 1992, derived from international merchandise trade data"
exports_by_hs_section,VNM,Vietnam,2011,Chemical Products,2093501742.0,"OEC/BACI HS6 REV. 1992, derived from international merchandise trade data"
exports_by_hs_section,VNM,Vietnam,2011,Foodstuffs,2641093856.0,"OEC/BACI HS6 REV. 1992, derived from international merchandise trade data"
exports_by_hs_section,VNM,Vietnam,2011,Footwear and Headwear,9791777489.0,"OEC/BACI HS6 REV. 1992, derived from international merchandise trade data"
exports_by_hs_section,VNM,Vietnam,2011,Instruments,1042504730.0,"OEC/BACI HS6 REV. 1992, derived from international merchandise trade data"
exports_by_hs_section,VNM,Vietnam,2011,Machines,21327836445.0,"OEC/BACI HS6 REV. 1992, derived from international merchandise trade data"
exports_by_hs_section,VNM,Vietnam,2011,Metals,4431628867.0,"OEC/BACI HS6 REV. 1992, derived from international merchandise trade data"
exports_by_hs_section,VNM,Vietnam,2011,Mineral Products,11392627561.0,"OEC/BACI HS6 REV. 1992, derived from international merchandise trade data"
exports_by_hs_section,VNM,Vietnam,2011,Miscellaneous,5306470195.0,"OEC/BACI HS6 REV. 1992, derived from international merchandise trade data"
exports_by_hs_section,VNM,Vietnam,2011,Paper Goods,471879038.0,"OEC/BACI HS6 REV. 1992, derived from international merchandise trade data"
exports_by_hs_section,VNM,Vietnam,2011,Plastics and Rubbers,4228686840.0,"OEC/BACI HS6 REV. 1992, derived from international merchandise trade data"
exports_by_hs_section,VNM,Vietnam,2011,Precious Metals,1307101981.0,"OEC/BACI HS6 REV. 1992, derived from international merchandise trade data"
exports_by_hs_section,VNM,Vietnam,2011,Stone And Glass,1047198769.0,"OEC/BACI HS6 REV. 1992, derived from international merchandise trade data"
exports_by_hs_section,VNM,Vietnam,2011,Textiles,18713575441.0,"OEC/BACI HS6 REV. 1992, derived from international merchandise trade data"
exports_by_hs_section,VNM,Vietnam,2011,Transportation,1947320042.0,"OEC/BACI HS6 REV. 1992, derived from international merchandise trade data"
exports_by_hs_section,VNM,Vietnam,2011,Vegetable Products,9454305985.0,"OEC/BACI HS6 REV. 1992, derived from international merchandise trade data"
exports_by_hs_section,VNM,Vietnam,2011,Weapons,1713298.0,"OEC/BACI HS6 REV. 1992, derived from international merchandise trade data"
exports_by_hs_section,VNM,Vietnam,2011,Wood Products,1823931659.0,"OEC/BACI HS6 REV. 1992, derived from international merchandise trade data"
exports_by_hs_section,VNM,Vietnam,2012,Animal Hides,2124046347.0,"OEC/BACI HS6 REV. 1992, derived from international merchandise trade data"
exports_by_hs_section,VNM,Vietnam,2012,Animal Products,4799492703.0,"OEC/BACI HS6 REV. 1992, derived from international merchandise trade data"
exports_by_hs_section,VNM,Vietnam,2012,Animal and Vegetable Bi-Products,316667998.0,"OEC/BACI HS6 REV. 1992, derived from international merchandise trade data"
exports_by_hs_section,VNM,Vietnam,2012,Arts and Antiques,4434415.0,"OEC/BACI HS6 REV. 1992, derived from international merchandise trade data"
exports_by_hs_section,VNM,Vietnam,2012,Chemical Products,2326005264.0,"OEC/BACI HS6 REV. 1992, derived from international merchandise trade data"
exports_by_hs_section,VNM,Vietnam,2012,Foodstuffs,2813136286.0,"OEC/BACI HS6 REV. 1992, derived from international merchandise trade data"
exports_by_hs_section,VNM,Vietnam,2012,Footwear and Headwear,10632689273.0,"OEC/BACI HS6 REV. 1992, derived from international merchandise trade data"
exports_by_hs_section,VNM,Vietnam,2012,Instruments,1255715493.0,"OEC/BACI HS6 REV. 1992, derived from international merchandise trade data"
exports_by_hs_section,VNM,Vietnam,2012,Machines,39803830675.0,"OEC/BACI HS6 REV. 1992, derived from international merchandise trade data"
exports_by_hs_section,VNM,Vietnam,2012,Metals,4799153669.0,"OEC/BACI HS6 REV. 1992, derived from international merchandise trade data"
exports_by_hs_section,VNM,Vietnam,2012,Mineral Products,12676655537.0,"OEC/BACI HS6 REV. 1992, derived from international merchandise trade data"
exports_by_hs_section,VNM,Vietnam,2012,Miscellaneous,6120411433.0,"OEC/BACI HS6 REV. 1992, derived from international merchandise trade data"
exports_by_hs_section,VNM,Vietnam,2012,Paper Goods,591290805.0,"OEC/BACI HS6 REV. 1992, derived from international merchandise trade data"
exports_by_hs_section,VNM,Vietnam,2012,Plastics and Rubbers,5139582328.0,"OEC/BACI HS6 REV. 1992, derived from international merchandise trade data"
exports_by_hs_section,VNM,Vietnam,2012,Precious Metals,548469897.0,"OEC/BACI HS6 REV. 1992, derived from international merchandise trade data"
exports_by_hs_section,VNM,Vietnam,2012,Stone And Glass,1288760350.0,"OEC/BACI HS6 REV. 1992, derived from international merchandise trade data"
exports_by_hs_section,VNM,Vietnam,2012,Textiles,20035160413.0,"OEC/BACI HS6 REV. 1992, derived from international merchandise trade data"
exports_by_hs_section,VNM,Vietnam,2012,Transportation,2215217219.0,"OEC/BACI HS6 REV. 1992, derived from international merchandise trade data"
exports_by_hs_section,VNM,Vietnam,2012,Vegetable Products,10877835205.0,"OEC/BACI HS6 REV. 1992, derived from international merchandise trade data"
exports_by_hs_section,VNM,Vietnam,2012,Weapons,2076240.0000000002,"OEC/BACI HS6 REV. 1992, derived from international merchandise trade data"
exports_by_hs_section,VNM,Vietnam,2012,Wood Products,1948094568.0,"OEC/BACI HS6 REV. 1992, derived from international merchandise trade data"
exports_by_hs_section,VNM,Vietnam,2013,Animal Hides,2577101075.0,"OEC/BACI HS6 REV. 1992, derived from international merchandise trade data"
exports_by_hs_section,VNM,Vietnam,2013,Animal Products,4922505975.0,"OEC/BACI HS6 REV. 1992, derived from international merchandise trade data"
exports_by_hs_section,VNM,Vietnam,2013,Animal and Vegetable Bi-Products,242649120.0,"OEC/BACI HS6 REV. 1992, derived from international merchandise trade data"
exports_by_hs_section,VNM,Vietnam,2013,Arts and Antiques,4287865.0,"OEC/BACI HS6 REV. 1992, derived from international merchandise trade data"
exports_by_hs_section,VNM,Vietnam,2013,Chemical Products,2312361113.0,"OEC/BACI HS6 REV. 1992, derived from international merchandise trade data"
exports_by_hs_section,VNM,Vietnam,2013,Foodstuffs,3383772297.0,"OEC/BACI HS6 REV. 1992, derived from international merchandise trade data"
exports_by_hs_section,VNM,Vietnam,2013,Footwear and Headwear,12074766805.0,"OEC/BACI HS6 REV. 1992, derived from international merchandise trade data"
exports_by_hs_section,VNM,Vietnam,2013,Instruments,1485127573.0,"OEC/BACI HS6 REV. 1992, derived from international merchandise trade data"
exports_by_hs_section,VNM,Vietnam,2013,Machines,52602444312.0,"OEC/BACI HS6 REV. 1992, derived from international merchandise trade data"
exports_by_hs_section,VNM,Vietnam,2013,Metals,5078302146.0,"OEC/BACI HS6 REV. 1992, derived from international merchandise trade data"
exports_by_hs_section,VNM,Vietnam,2013,Mineral Products,11114969070.0,"OEC/BACI HS6 REV. 1992, derived from international merchandise trade data"
exports_by_hs_section,VNM,Vietnam,2013,Miscellaneous,6857279712.0,"OEC/BACI HS6 REV. 1992, derived from international merchandise trade data"
exports_by_hs_section,VNM,Vietnam,2013,Paper Goods,644130974.0,"OEC/BACI HS6 REV. 1992, derived from international merchandise trade data"
exports_by_hs_section,VNM,Vietnam,2013,Plastics and Rubbers,5170541369.0,"OEC/BACI HS6 REV. 1992, derived from international merchandise trade data"
exports_by_hs_section,VNM,Vietnam,2013,Precious Metals,928218953.0,"OEC/BACI HS6 REV. 1992, derived from international merchandise trade data"
exports_by_hs_section,VNM,Vietnam,2013,Stone And Glass,1372168710.0,"OEC/BACI HS6 REV. 1992, derived from international merchandise trade data"
exports_by_hs_section,VNM,Vietnam,2013,Textiles,24131839496.0,"OEC/BACI HS6 REV. 1992, derived from international merchandise trade data"
exports_by_hs_section,VNM,Vietnam,2013,Transportation,2151390080.0,"OEC/BACI HS6 REV. 1992, derived from international merchandise trade data"
exports_by_hs_section,VNM,Vietnam,2013,Vegetable Products,9825799856.0,"OEC/BACI HS6 REV. 1992, derived from international merchandise trade data"
exports_by_hs_section,VNM,Vietnam,2013,Weapons,481437.0,"OEC/BACI HS6 REV. 1992, derived from international merchandise trade data"
exports_by_hs_section,VNM,Vietnam,2013,Wood Products,2523626080.0,"OEC/BACI HS6 REV. 1992, derived from international merchandise trade data"
exports_by_hs_section,VNM,Vietnam,2014,Animal Hides,3308399454.0,"OEC/BACI HS6 REV. 1992, derived from international merchandise trade data"
exports_by_hs_section,VNM,Vietnam,2014,Animal Products,5733222072.0,"OEC/BACI HS6 REV. 1992, derived from international merchandise trade data"
exports_by_hs_section,VNM,Vietnam,2014,Animal and Vegetable Bi-Products,257918490.0,"OEC/BACI HS6 REV. 1992, derived from international merchandise trade data"
exports_by_hs_section,VNM,Vietnam,2014,Arts and Antiques,6188727.0,"OEC/BACI HS6 REV. 1992, derived from international merchandise trade data"
exports_by_hs_section,VNM,Vietnam,2014,Chemical Products,2850463674.0,"OEC/BACI HS6 REV. 1992, derived from international merchandise trade data"
exports_by_hs_section,VNM,Vietnam,2014,Foodstuffs,4041059971.0,"OEC/BACI HS6 REV. 1992, derived from international merchandise trade data"
exports_by_hs_section,VNM,Vietnam,2014,Footwear and Headwear,14576070534.0,"OEC/BACI HS6 REV. 1992, derived from international merchandise trade data"
exports_by_hs_section,VNM,Vietnam,2014,Instruments,1994904169.0,"OEC/BACI HS6 REV. 1992, derived from international merchandise trade data"
exports_by_hs_section,VNM,Vietnam,2014,Machines,58136472834.0,"OEC/BACI HS6 REV. 1992, derived from international merchandise trade data"
exports_by_hs_section,VNM,Vietnam,2014,Metals,6065391909.0,"OEC/BACI HS6 REV. 1992, derived from international merchandise trade data"
exports_by_hs_section,VNM,Vietnam,2014,Mineral Products,10357766381.0,"OEC/BACI HS6 REV. 1992, derived from international merchandise trade data"
exports_by_hs_section,VNM,Vietnam,2014,Miscellaneous,8185458416.0,"OEC/BACI HS6 REV. 1992, derived from international merchandise trade data"
exports_by_hs_section,VNM,Vietnam,2014,Paper Goods,670506190.0,"OEC/BACI HS6 REV. 1992, derived from international merchandise trade data"
exports_by_hs_section,VNM,Vietnam,2014,Plastics and Rubbers,5379893362.0,"OEC/BACI HS6 REV. 1992, derived from international merchandise trade data"
exports_by_hs_section,VNM,Vietnam,2014,Precious Metals,502255715.0,"OEC/BACI HS6 REV. 1992, derived from international merchandise trade data"
exports_by_hs_section,VNM,Vietnam,2014,Stone And Glass,1732321044.0,"OEC/BACI HS6 REV. 1992, derived from international merchandise trade data"
exports_by_hs_section,VNM,Vietnam,2014,Textiles,27617726431.0,"OEC/BACI HS6 REV. 1992, derived from international merchandise trade data"
exports_by_hs_section,VNM,Vietnam,2014,Transportation,2907938547.0,"OEC/BACI HS6 REV. 1992, derived from international merchandise trade data"
exports_by_hs_section,VNM,Vietnam,2014,Vegetable Products,10922374361.0,"OEC/BACI HS6 REV. 1992, derived from international merchandise trade data"
exports_by_hs_section,VNM,Vietnam,2014,Weapons,295036.0,"OEC/BACI HS6 REV. 1992, derived from international merchandise trade data"
exports_by_hs_section,VNM,Vietnam,2014,Wood Products,2796811272.0,"OEC/BACI HS6 REV. 1992, derived from international merchandise trade data"
exports_by_hs_section,VNM,Vietnam,2015,Animal Hides,3982436060.0,"OEC/BACI HS6 REV. 1992, derived from international merchandise trade data"
exports_by_hs_section,VNM,Vietnam,2015,Animal Products,5123394205.0,"OEC/BACI HS6 REV. 1992, derived from international merchandise trade data"
exports_by_hs_section,VNM,Vietnam,2015,Animal and Vegetable Bi-Products,268076369.0,"OEC/BACI HS6 REV. 1992, derived from international merchandise trade data"
exports_by_hs_section,VNM,Vietnam,2015,Arts and Antiques,4515778.0,"OEC/BACI HS6 REV. 1992, derived from international merchandise trade data"
exports_by_hs_section,VNM,Vietnam,2015,Chemical Products,2896748642.0,"OEC/BACI HS6 REV. 1992, derived from international merchandise trade data"
exports_by_hs_section,VNM,Vietnam,2015,Foodstuffs,3946469888.0,"OEC/BACI HS6 REV. 1992, derived from international merchandise trade data"
exports_by_hs_section,VNM,Vietnam,2015,Footwear and Headwear,16508745639.0,"OEC/BACI HS6 REV. 1992, derived from international merchandise trade data"
exports_by_hs_section,VNM,Vietnam,2015,Instruments,2251187984.0,"OEC/BACI HS6 REV. 1992, derived from international merchandise trade data"
exports_by_hs_section,VNM,Vietnam,2015,Machines,73166637276.0,"OEC/BACI HS6 REV. 1992, derived from international merchandise trade data"
exports_by_hs_section,VNM,Vietnam,2015,Metals,5931884024.0,"OEC/BACI HS6 REV. 1992, derived from international merchandise trade data"
exports_by_hs_section,VNM,Vietnam,2015,Mineral Products,6224423857.0,"OEC/BACI HS6 REV. 1992, derived from international merchandise trade data"
exports_by_hs_section,VNM,Vietnam,2015,Miscellaneous,9224265607.0,"OEC/BACI HS6 REV. 1992, derived from international merchandise trade data"
exports_by_hs_section,VNM,Vietnam,2015,Paper Goods,664013855.0,"OEC/BACI HS6 REV. 1992, derived from international merchandise trade data"
exports_by_hs_section,VNM,Vietnam,2015,Plastics and Rubbers,5498870198.0,"OEC/BACI HS6 REV. 1992, derived from international merchandise trade data"
exports_by_hs_section,VNM,Vietnam,2015,Precious Metals,532449484.0,"OEC/BACI HS6 REV. 1992, derived from international merchandise trade data"
exports_by_hs_section,VNM,Vietnam,2015,Stone And Glass,1874223068.0,"OEC/BACI HS6 REV. 1992, derived from international merchandise trade data"
exports_by_hs_section,VNM,Vietnam,2015,Textiles,30095158037.0,"OEC/BACI HS6 REV. 1992, derived from international merchandise trade data"
exports_by_hs_section,VNM,Vietnam,2015,Transportation,2910378456.0,"OEC/BACI HS6 REV. 1992, derived from international merchandise trade data"
exports_by_hs_section,VNM,Vietnam,2015,Vegetable Products,11469718185.0,"OEC/BACI HS6 REV. 1992, derived from international merchandise trade data"
exports_by_hs_section,VNM,Vietnam,2015,Weapons,281842.0,"OEC/BACI HS6 REV. 1992, derived from international merchandise trade data"
exports_by_hs_section,VNM,Vietnam,2015,Wood Products,2740664185.0,"OEC/BACI HS6 REV. 1992, derived from international merchandise trade data"
exports_by_hs_section,VNM,Vietnam,2016,Animal Hides,4216979978.0,"OEC/BACI HS6 REV. 1992, derived from international merchandise trade data"
exports_by_hs_section,VNM,Vietnam,2016,Animal Products,5357353202.0,"OEC/BACI HS6 REV. 1992, derived from international merchandise trade data"
exports_by_hs_section,VNM,Vietnam,2016,Animal and Vegetable Bi-Products,160050012.0,"OEC/BACI HS6 REV. 1992, derived from international merchandise trade data"
exports_by_hs_section,VNM,Vietnam,2016,Arts and Antiques,5536083.0,"OEC/BACI HS6 REV. 1992, derived from international merchandise trade data"
exports_by_hs_section,VNM,Vietnam,2016,Chemical Products,2977920478.0,"OEC/BACI HS6 REV. 1992, derived from international merchandise trade data"
exports_by_hs_section,VNM,Vietnam,2016,Foodstuffs,4499477875.0,"OEC/BACI HS6 REV. 1992, derived from international merchandise trade data"
exports_by_hs_section,VNM,Vietnam,2016,Footwear and Headwear,17924487169.0,"OEC/BACI HS6 REV. 1992, derived from international merchandise trade data"
exports_by_hs_section,VNM,Vietnam,2016,Instruments,3152998591.0,"OEC/BACI HS6 REV. 1992, derived from international merchandise trade data"
exports_by_hs_section,VNM,Vietnam,2016,Machines,89372270323.0,"OEC/BACI HS6 REV. 1992, derived from international merchandise trade data"
exports_by_hs_section,VNM,Vietnam,2016,Metals,6776345298.0,"OEC/BACI HS6 REV. 1992, derived from international merchandise trade data"
exports_by_hs_section,VNM,Vietnam,2016,Mineral Products,4962321950.0,"OEC/BACI HS6 REV. 1992, derived from international merchandise trade data"
exports_by_hs_section,VNM,Vietnam,2016,Miscellaneous,8924554153.0,"OEC/BACI HS6 REV. 1992, derived from international merchandise trade data"
exports_by_hs_section,VNM,Vietnam,2016,Paper Goods,728662982.0,"OEC/BACI HS6 REV. 1992, derived from international merchandise trade data"
exports_by_hs_section,VNM,Vietnam,2016,Plastics and Rubbers,5840473725.0,"OEC/BACI HS6 REV. 1992, derived from international merchandise trade data"
exports_by_hs_section,VNM,Vietnam,2016,Precious Metals,846841348.0,"OEC/BACI HS6 REV. 1992, derived from international merchandise trade data"
exports_by_hs_section,VNM,Vietnam,2016,Stone And Glass,1876416980.0,"OEC/BACI HS6 REV. 1992, derived from international merchandise trade data"
exports_by_hs_section,VNM,Vietnam,2016,Textiles,31847095622.0,"OEC/BACI HS6 REV. 1992, derived from international merchandise trade data"
exports_by_hs_section,VNM,Vietnam,2016,Transportation,3243147699.0,"OEC/BACI HS6 REV. 1992, derived from international merchandise trade data"
exports_by_hs_section,VNM,Vietnam,2016,Vegetable Products,11947416233.0,"OEC/BACI HS6 REV. 1992, derived from international merchandise trade data"
exports_by_hs_section,VNM,Vietnam,2016,Weapons,288573.0,"OEC/BACI HS6 REV. 1992, derived from international merchandise trade data"
exports_by_hs_section,VNM,Vietnam,2016,Wood Products,2772114826.0,"OEC/BACI HS6 REV. 1992, derived from international merchandise trade data"
exports_by_hs_section,VNM,Vietnam,2017,Animal Hides,4509270487.0,"OEC/BACI HS6 REV. 1992, derived from international merchandise trade data"
exports_by_hs_section,VNM,Vietnam,2017,Animal Products,5827611997.0,"OEC/BACI HS6 REV. 1992, derived from international merchandise trade data"
exports_by_hs_section,VNM,Vietnam,2017,Animal and Vegetable Bi-Products,165412340.0,"OEC/BACI HS6 REV. 1992, derived from international merchandise trade data"
exports_by_hs_section,VNM,Vietnam,2017,Arts and Antiques,6288978.0,"OEC/BACI HS6 REV. 1992, derived from international merchandise trade data"
exports_by_hs_section,VNM,Vietnam,2017,Chemical Products,3608821764.0,"OEC/BACI HS6 REV. 1992, derived from international merchandise trade data"
exports_by_hs_section,VNM,Vietnam,2017,Foodstuffs,5152705377.0,"OEC/BACI HS6 REV. 1992, derived from international merchandise trade data"
exports_by_hs_section,VNM,Vietnam,2017,Footwear and Headwear,20368169228.0,"OEC/BACI HS6 REV. 1992, derived from international merchandise trade data"
exports_by_hs_section,VNM,Vietnam,2017,Instruments,5938000334.0,"OEC/BACI HS6 REV. 1992, derived from international merchandise trade data"
exports_by_hs_section,VNM,Vietnam,2017,Machines,123536946012.0,"OEC/BACI HS6 REV. 1992, derived from international merchandise trade data"
exports_by_hs_section,VNM,Vietnam,2017,Metals,8731370886.0,"OEC/BACI HS6 REV. 1992, derived from international merchandise trade data"
exports_by_hs_section,VNM,Vietnam,2017,Mineral Products,5898108125.0,"OEC/BACI HS6 REV. 1992, derived from international merchandise trade data"
exports_by_hs_section,VNM,Vietnam,2017,Miscellaneous,10232149534.0,"OEC/BACI HS6 REV. 1992, derived from international merchandise trade data"
exports_by_hs_section,VNM,Vietnam,2017,Paper Goods,1052179348.0,"OEC/BACI HS6 REV. 1992, derived from international merchandise trade data"
exports_by_hs_section,VNM,Vietnam,2017,Plastics and Rubbers,7651928407.0,"OEC/BACI HS6 REV. 1992, derived from international merchandise trade data"
exports_by_hs_section,VNM,Vietnam,2017,Precious Metals,612294145.0,"OEC/BACI HS6 REV. 1992, derived from international merchandise trade data"
exports_by_hs_section,VNM,Vietnam,2017,Stone And Glass,2086331416.0,"OEC/BACI HS6 REV. 1992, derived from international merchandise trade data"
exports_by_hs_section,VNM,Vietnam,2017,Textiles,35648112595.0,"OEC/BACI HS6 REV. 1992, derived from international merchandise trade data"
exports_by_hs_section,VNM,Vietnam,2017,Transportation,3811165204.0,"OEC/BACI HS6 REV. 1992, derived from international merchandise trade data"
exports_by_hs_section,VNM,Vietnam,2017,Vegetable Products,14244792770.0,"OEC/BACI HS6 REV. 1992, derived from international merchandise trade data"
exports_by_hs_section,VNM,Vietnam,2017,Weapons,102995.0,"OEC/BACI HS6 REV. 1992, derived from international merchandise trade data"
exports_by_hs_section,VNM,Vietnam,2017,Wood Products,2954373962.0,"OEC/BACI HS6 REV. 1992, derived from international merchandise trade data"
exports_by_hs_section,VNM,Vietnam,2018,Animal Hides,4496822174.0,"OEC/BACI HS6 REV. 1992, derived from international merchandise trade data"
exports_by_hs_section,VNM,Vietnam,2018,Animal Products,5890517293.0,"OEC/BACI HS6 REV. 1992, derived from international merchandise trade data"
exports_by_hs_section,VNM,Vietnam,2018,Animal and Vegetable Bi-Products,174018808.0,"OEC/BACI HS6 REV. 1992, derived from international merchandise trade data"
exports_by_hs_section,VNM,Vietnam,2018,Arts and Antiques,8722566.0,"OEC/BACI HS6 REV. 1992, derived from international merchandise trade data"
exports_by_hs_section,VNM,Vietnam,2018,Chemical Products,4668001876.0,"OEC/BACI HS6 REV. 1992, derived from international merchandise trade data"
exports_by_hs_section,VNM,Vietnam,2018,Foodstuffs,5856664189.0,"OEC/BACI HS6 REV. 1992, derived from international merchandise trade data"
exports_by_hs_section,VNM,Vietnam,2018,Footwear and Headwear,22762758953.0,"OEC/BACI HS6 REV. 1992, derived from international merchandise trade data"
exports_by_hs_section,VNM,Vietnam,2018,Instruments,6312257856.0,"OEC/BACI HS6 REV. 1992, derived from international merchandise trade data"
exports_by_hs_section,VNM,Vietnam,2018,Machines,127875055306.0,"OEC/BACI HS6 REV. 1992, derived from international merchandise trade data"
exports_by_hs_section,VNM,Vietnam,2018,Metals,11497920058.0,"OEC/BACI HS6 REV. 1992, derived from international merchandise trade data"
exports_by_hs_section,VNM,Vietnam,2018,Mineral Products,6723611825.0,"OEC/BACI HS6 REV. 1992, derived from international merchandise trade data"
exports_by_hs_section,VNM,Vietnam,2018,Miscellaneous,11485059281.0,"OEC/BACI HS6 REV. 1992, derived from international merchandise trade data"
exports_by_hs_section,VNM,Vietnam,2018,Paper Goods,1272466740.0,"OEC/BACI HS6 REV. 1992, derived from international merchandise trade data"
exports_by_hs_section,VNM,Vietnam,2018,Plastics and Rubbers,8526968627.0,"OEC/BACI HS6 REV. 1992, derived from international merchandise trade data"
exports_by_hs_section,VNM,Vietnam,2018,Precious Metals,663831790.0,"OEC/BACI HS6 REV. 1992, derived from international merchandise trade data"
exports_by_hs_section,VNM,Vietnam,2018,Stone And Glass,2228043091.0,"OEC/BACI HS6 REV. 1992, derived from international merchandise trade data"
exports_by_hs_section,VNM,Vietnam,2018,Textiles,40275365826.0,"OEC/BACI HS6 REV. 1992, derived from international merchandise trade data"
exports_by_hs_section,VNM,Vietnam,2018,Transportation,4220783955.0,"OEC/BACI HS6 REV. 1992, derived from international merchandise trade data"
exports_by_hs_section,VNM,Vietnam,2018,Vegetable Products,14455512045.0,"OEC/BACI HS6 REV. 1992, derived from international merchandise trade data"
exports_by_hs_section,VNM,Vietnam,2018,Weapons,504679.0,"OEC/BACI HS6 REV. 1992, derived from international merchandise trade data"
exports_by_hs_section,VNM,Vietnam,2018,Wood Products,3652734879.0,"OEC/BACI HS6 REV. 1992, derived from international merchandise trade data"
exports_by_hs_section,VNM,Vietnam,2019,Animal Hides,4971506486.0,"OEC/BACI HS6 REV. 1992, derived from international merchandise trade data"
exports_by_hs_section,VNM,Vietnam,2019,Animal Products,6135942008.0,"OEC/BACI HS6 REV. 1992, derived from international merchandise trade data"
exports_by_hs_section,VNM,Vietnam,2019,Animal and Vegetable Bi-Products,215295414.0,"OEC/BACI HS6 REV. 1992, derived from international merchandise trade data"
exports_by_hs_section,VNM,Vietnam,2019,Arts and Antiques,8651100.0,"OEC/BACI HS6 REV. 1992, derived from international merchandise trade data"
exports_by_hs_section,VNM,Vietnam,2019,Chemical Products,4965476291.0,"OEC/BACI HS6 REV. 1992, derived from international merchandise trade data"
exports_by_hs_section,VNM,Vietnam,2019,Foodstuffs,6221683593.0,"OEC/BACI HS6 REV. 1992, derived from international merchandise trade data"
exports_by_hs_section,VNM,Vietnam,2019,Footwear and Headwear,25363385087.0,"OEC/BACI HS6 REV. 1992, derived from international merchandise trade data"
exports_by_hs_section,VNM,Vietnam,2019,Instruments,5770420678.0,"OEC/BACI HS6 REV. 1992, derived from international merchandise trade data"
exports_by_hs_section,VNM,Vietnam,2019,Machines,145528346643.0,"OEC/BACI HS6 REV. 1992, derived from international merchandise trade data"
exports_by_hs_section,VNM,Vietnam,2019,Metals,11606570017.0,"OEC/BACI HS6 REV. 1992, derived from international merchandise trade data"
exports_by_hs_section,VNM,Vietnam,2019,Mineral Products,6196723668.0,"OEC/BACI HS6 REV. 1992, derived from international merchandise trade data"
exports_by_hs_section,VNM,Vietnam,2019,Miscellaneous,14666021295.0,"OEC/BACI HS6 REV. 1992, derived from international merchandise trade data"
exports_by_hs_section,VNM,Vietnam,2019,Paper Goods,1555326235.0,"OEC/BACI HS6 REV. 1992, derived from international merchandise trade data"
exports_by_hs_section,VNM,Vietnam,2019,Plastics and Rubbers,9660751591.0,"OEC/BACI HS6 REV. 1992, derived from international merchandise trade data"
exports_by_hs_section,VNM,Vietnam,2019,Precious Metals,2120111249.0000002,"OEC/BACI HS6 REV. 1992, derived from international merchandise trade data"
exports_by_hs_section,VNM,Vietnam,2019,Stone And Glass,2193371018.0,"OEC/BACI HS6 REV. 1992, derived from international merchandise trade data"
exports_by_hs_section,VNM,Vietnam,2019,Textiles,43276017706.0,"OEC/BACI HS6 REV. 1992, derived from international merchandise trade data"
exports_by_hs_section,VNM,Vietnam,2019,Transportation,4374307915.0,"OEC/BACI HS6 REV. 1992, derived from international merchandise trade data"
exports_by_hs_section,VNM,Vietnam,2019,Vegetable Products,13106773329.0,"OEC/BACI HS6 REV. 1992, derived from international merchandise trade data"
exports_by_hs_section,VNM,Vietnam,2019,Weapons,372503.0,"OEC/BACI HS6 REV. 1992, derived from international merchandise trade data"
exports_by_hs_section,VNM,Vietnam,2019,Wood Products,4247099967.0,"OEC/BACI HS6 REV. 1992, derived from international merchandise trade data"
exports_by_hs_section,VNM,Vietnam,2020,Animal Hides,4069447998.0,"OEC/BACI HS6 REV. 1992, derived from international merchandise trade data"
exports_by_hs_section,VNM,Vietnam,2020,Animal Products,5364602893.0,"OEC/BACI HS6 REV. 1992, derived from international merchandise trade data"
exports_by_hs_section,VNM,Vietnam,2020,Animal and Vegetable Bi-Products,247644660.0,"OEC/BACI HS6 REV. 1992, derived from international merchandise trade data"
exports_by_hs_section,VNM,Vietnam,2020,Arts and Antiques,7235087.0,"OEC/BACI HS6 REV. 1992, derived from international merchandise trade data"
exports_by_hs_section,VNM,Vietnam,2020,Chemical Products,5123607960.0,"OEC/BACI HS6 REV. 1992, derived from international merchandise trade data"
exports_by_hs_section,VNM,Vietnam,2020,Foodstuffs,6665246586.0,"OEC/BACI HS6 REV. 1992, derived from international merchandise trade data"
exports_by_hs_section,VNM,Vietnam,2020,Footwear and Headwear,22368968508.0,"OEC/BACI HS6 REV. 1992, derived from international merchandise trade data"
exports_by_hs_section,VNM,Vietnam,2020,Instruments,5090558131.0,"OEC/BACI HS6 REV. 1992, derived from international merchandise trade data"
exports_by_hs_section,VNM,Vietnam,2020,Machines,163221551599.0,"OEC/BACI HS6 REV. 1992, derived from international merchandise trade data"
exports_by_hs_section,VNM,Vietnam,2020,Metals,12478859301.0,"OEC/BACI HS6 REV. 1992, derived from international merchandise trade data"
exports_by_hs_section,VNM,Vietnam,2020,Mineral Products,5603149005.0,"OEC/BACI HS6 REV. 1992, derived from international merchandise trade data"
exports_by_hs_section,VNM,Vietnam,2020,Miscellaneous,18839765560.0,"OEC/BACI HS6 REV. 1992, derived from international merchandise trade data"
exports_by_hs_section,VNM,Vietnam,2020,Paper Goods,1915539323.0,"OEC/BACI HS6 REV. 1992, derived from international merchandise trade data"
exports_by_hs_section,VNM,Vietnam,2020,Plastics and Rubbers,10473283185.0,"OEC/BACI HS6 REV. 1992, derived from international merchandise trade data"
exports_by_hs_section,VNM,Vietnam,2020,Precious Metals,6206038810.0,"OEC/BACI HS6 REV. 1992, derived from international merchandise trade data"
exports_by_hs_section,VNM,Vietnam,2020,Stone And Glass,2347602346.0,"OEC/BACI HS6 REV. 1992, derived from international merchandise trade data"
exports_by_hs_section,VNM,Vietnam,2020,Textiles,41069152522.0,"OEC/BACI HS6 REV. 1992, derived from international merchandise trade data"
exports_by_hs_section,VNM,Vietnam,2020,Transportation,4795297834.0,"OEC/BACI HS6 REV. 1992, derived from international merchandise trade data"
exports_by_hs_section,VNM,Vietnam,2020,Vegetable Products,13455280209.0,"OEC/BACI HS6 REV. 1992, derived from international merchandise trade data"
exports_by_hs_section,VNM,Vietnam,2020,Weapons,389351.0,"OEC/BACI HS6 REV. 1992, derived from international merchandise trade data"
exports_by_hs_section,VNM,Vietnam,2020,Wood Products,4276816818.0,"OEC/BACI HS6 REV. 1992, derived from international merchandise trade data"
exports_by_hs_section,VNM,Vietnam,2021,Animal Hides,4326521937.0,"OEC/BACI HS6 REV. 1992, derived from international merchandise trade data"
exports_by_hs_section,VNM,Vietnam,2021,Animal Products,5876952346.0,"OEC/BACI HS6 REV. 1992, derived from international merchandise trade data"
exports_by_hs_section,VNM,Vietnam,2021,Animal and Vegetable Bi-Products,397605060.0,"OEC/BACI HS6 REV. 1992, derived from international merchandise trade data"
exports_by_hs_section,VNM,Vietnam,2021,Arts and Antiques,6442849.0,"OEC/BACI HS6 REV. 1992, derived from international merchandise trade data"
exports_by_hs_section,VNM,Vietnam,2021,Chemical Products,6900919497.0,"OEC/BACI HS6 REV. 1992, derived from international merchandise trade data"
exports_by_hs_section,VNM,Vietnam,2021,Foodstuffs,7439940918.0,"OEC/BACI HS6 REV. 1992, derived from international merchandise trade data"
exports_by_hs_section,VNM,Vietnam,2021,Footwear and Headwear,24411068911.0,"OEC/BACI HS6 REV. 1992, derived from international merchandise trade data"
exports_by_hs_section,VNM,Vietnam,2021,Instruments,6223506331.0,"OEC/BACI HS6 REV. 1992, derived from international merchandise trade data"
exports_by_hs_section,VNM,Vietnam,2021,Machines,200598751186.0,"OEC/BACI HS6 REV. 1992, derived from international merchandise trade data"
exports_by_hs_section,VNM,Vietnam,2021,Metals,20274953367.0,"OEC/BACI HS6 REV. 1992, derived from international merchandise trade data"
exports_by_hs_section,VNM,Vietnam,2021,Mineral Products,6765867494.0,"OEC/BACI HS6 REV. 1992, derived from international merchandise trade data"
exports_by_hs_section,VNM,Vietnam,2021,Miscellaneous,22827405484.0,"OEC/BACI HS6 REV. 1992, derived from international merchandise trade data"
exports_by_hs_section,VNM,Vietnam,2021,Paper Goods,2146607586.0,"OEC/BACI HS6 REV. 1992, derived from international merchandise trade data"
exports_by_hs_section,VNM,Vietnam,2021,Plastics and Rubbers,14686496833.0,"OEC/BACI HS6 REV. 1992, derived from international merchandise trade data"
exports_by_hs_section,VNM,Vietnam,2021,Precious Metals,703520985.0,"OEC/BACI HS6 REV. 1992, derived from international merchandise trade data"
exports_by_hs_section,VNM,Vietnam,2021,Stone And Glass,3122205480.0,"OEC/BACI HS6 REV. 1992, derived from international merchandise trade data"
exports_by_hs_section,VNM,Vietnam,2021,Textiles,45775056822.0,"OEC/BACI HS6 REV. 1992, derived from international merchandise trade data"
exports_by_hs_section,VNM,Vietnam,2021,Transportation,5707109252.0,"OEC/BACI HS6 REV. 1992, derived from international merchandise trade data"
exports_by_hs_section,VNM,Vietnam,2021,Vegetable Products,13616742502.0,"OEC/BACI HS6 REV. 1992, derived from international merchandise trade data"
exports_by_hs_section,VNM,Vietnam,2021,Weapons,878591.0,"OEC/BACI HS6 REV. 1992, derived from international merchandise trade data"
exports_by_hs_section,VNM,Vietnam,2021,Wood Products,5590413418.0,"OEC/BACI HS6 REV. 1992, derived from international merchandise trade data"
exports_by_hs_section,VNM,Vietnam,2022,Animal Hides,5515543265.0,"OEC/BACI HS6 REV. 1992, derived from international merchandise trade data"
exports_by_hs_section,VNM,Vietnam,2022,Animal Products,8037383838.0,"OEC/BACI HS6 REV. 1992, derived from international merchandise trade data"
exports_by_hs_section,VNM,Vietnam,2022,Animal and Vegetable Bi-Products,630249290.0,"OEC/BACI HS6 REV. 1992, derived from international merchandise trade data"
exports_by_hs_section,VNM,Vietnam,2022,Arts and Antiques,7028765.0,"OEC/BACI HS6 REV. 1992, derived from international merchandise trade data"
exports_by_hs_section,VNM,Vietnam,2022,Chemical Products,8505401907.0,"OEC/BACI HS6 REV. 1992, derived from international merchandise trade data"
exports_by_hs_section,VNM,Vietnam,2022,Foodstuffs,8828995295.0,"OEC/BACI HS6 REV. 1992, derived from international merchandise trade data"
exports_by_hs_section,VNM,Vietnam,2022,Footwear and Headwear,33035592389.0,"OEC/BACI HS6 REV. 1992, derived from international merchandise trade data"
exports_by_hs_section,VNM,Vietnam,2022,Instruments,5564281968.0,"OEC/BACI HS6 REV. 1992, derived from international merchandise trade data"
exports_by_hs_section,VNM,Vietnam,2022,Machines,214784560029.0,"OEC/BACI HS6 REV. 1992, derived from international merchandise trade data"
exports_by_hs_section,VNM,Vietnam,2022,Metals,20980304589.0,"OEC/BACI HS6 REV. 1992, derived from international merchandise trade data"
exports_by_hs_section,VNM,Vietnam,2022,Mineral Products,7317001138.0,"OEC/BACI HS6 REV. 1992, derived from international merchandise trade data"
exports_by_hs_section,VNM,Vietnam,2022,Miscellaneous,26326169795.0,"OEC/BACI HS6 REV. 1992, derived from international merchandise trade data"
exports_by_hs_section,VNM,Vietnam,2022,Paper Goods,2583655090.0,"OEC/BACI HS6 REV. 1992, derived from international merchandise trade data"
exports_by_hs_section,VNM,Vietnam,2022,Plastics and Rubbers,16784653192.0,"OEC/BACI HS6 REV. 1992, derived from international merchandise trade data"
exports_by_hs_section,VNM,Vietnam,2022,Precious Metals,1171141975.0,"OEC/BACI HS6 REV. 1992, derived from international merchandise trade data"
exports_by_hs_section,VNM,Vietnam,2022,Stone And Glass,3174379068.0,"OEC/BACI HS6 REV. 1992, derived from international merchandise trade data"
exports_by_hs_section,VNM,Vietnam,2022,Textiles,53324754515.0,"OEC/BACI HS6 REV. 1992, derived from international merchandise trade data"
exports_by_hs_section,VNM,Vietnam,2022,Transportation,7176831829.0,"OEC/BACI HS6 REV. 1992, derived from international merchandise trade data"
exports_by_hs_section,VNM,Vietnam,2022,Vegetable Products,15508161598.0,"OEC/BACI HS6 REV. 1992, derived from international merchandise trade data"
exports_by_hs_section,VNM,Vietnam,2022,Weapons,1018179.0,"OEC/BACI HS6 REV. 1992, derived from international merchandise trade data"
exports_by_hs_section,VNM,Vietnam,2022,Wood Products,7347130916.0,"OEC/BACI HS6 REV. 1992, derived from international merchandise trade data"
exports_by_hs_section,VNM,Vietnam,2023,Animal Hides,5262098179.0,"OEC/BACI HS6 REV. 1992, derived from international merchandise trade data"
exports_by_hs_section,VNM,Vietnam,2023,Animal Products,5981525136.0,"OEC/BACI HS6 REV. 1992, derived from international merchandise trade data"
exports_by_hs_section,VNM,Vietnam,2023,Animal and Vegetable Bi-Products,584815567.0,"OEC/BACI HS6 REV. 1992, derived from international merchandise trade data"
exports_by_hs_section,VNM,Vietnam,2023,Arts and Antiques,13420675.0,"OEC/BACI HS6 REV. 1992, derived from international merchandise trade data"
exports_by_hs_section,VNM,Vietnam,2023,Chemical Products,7292724673.0,"OEC/BACI HS6 REV. 1992, derived from international merchandise trade data"
exports_by_hs_section,VNM,Vietnam,2023,Foodstuffs,8731232424.0,"OEC/BACI HS6 REV. 1992, derived from international merchandise trade data"
exports_by_hs_section,VNM,Vietnam,2023,Footwear and Headwear,31007616308.0,"OEC/BACI HS6 REV. 1992, derived from international merchandise trade data"
exports_by_hs_section,VNM,Vietnam,2023,Instruments,6315555820.0,"OEC/BACI HS6 REV. 1992, derived from international merchandise trade data"
exports_by_hs_section,VNM,Vietnam,2023,Machines,218613041975.0,"OEC/BACI HS6 REV. 1992, derived from international merchandise trade data"
exports_by_hs_section,VNM,Vietnam,2023,Metals,19115299607.0,"OEC/BACI HS6 REV. 1992, derived from international merchandise trade data"
exports_by_hs_section,VNM,Vietnam,2023,Mineral Products,6691875127.0,"OEC/BACI HS6 REV. 1992, derived from international merchandise trade data"
exports_by_hs_section,VNM,Vietnam,2023,Miscellaneous,21496260301.0,"OEC/BACI HS6 REV. 1992, derived from international merchandise trade data"
exports_by_hs_section,VNM,Vietnam,2023,Paper Goods,2807458617.0,"OEC/BACI HS6 REV. 1992, derived from international merchandise trade data"
exports_by_hs_section,VNM,Vietnam,2023,Plastics and Rubbers,14930558027.0,"OEC/BACI HS6 REV. 1992, derived from international merchandise trade data"
exports_by_hs_section,VNM,Vietnam,2023,Precious Metals,1123820200.0,"OEC/BACI HS6 REV. 1992, derived from international merchandise trade data"
exports_by_hs_section,VNM,Vietnam,2023,Stone And Glass,2582141216.0,"OEC/BACI HS6 REV. 1992, derived from international merchandise trade data"
exports_by_hs_section,VNM,Vietnam,2023,Textiles,47439837234.0,"OEC/BACI HS6 REV. 1992, derived from international merchandise trade data"
exports_by_hs_section,VNM,Vietnam,2023,Transportation,7224410460.0,"OEC/BACI HS6 REV. 1992, derived from international merchandise trade data"
exports_by_hs_section,VNM,Vietnam,2023,Vegetable Products,18516258724.0,"OEC/BACI HS6 REV. 1992, derived from international merchandise trade data"
exports_by_hs_section,VNM,Vietnam,2023,Weapons,1328128.0,"OEC/BACI HS6 REV. 1992, derived from international merchandise trade data"
exports_by_hs_section,VNM,Vietnam,2023,Wood Products,6202282223.0,"OEC/BACI HS6 REV. 1992, derived from international merchandise trade data"
world_bank_indicator,VNM,Viet Nam,2010,BX.KLT.DINV.CD.WD,8000000000,"Foreign direct investment, net inflows (BoP, current US$)"
world_bank_indicator,VNM,Viet Nam,2010,LP.LPI.OVRL.XQ,2.96,Logistics performance index: Overall (1=low to 5=high)
world_bank_indicator,VNM,Viet Nam,2010,NV.IND.MANF.ZS,17.1305705708367,"Manufacturing, value added (% of GDP)"
world_bank_indicator,VNM,Viet Nam,2010,NY.GDP.MKTP.CD,147201173196.979,GDP (current US$)
world_bank_indicator,VNM,Viet Nam,2011,BX.KLT.DINV.CD.WD,7430000000,"Foreign direct investment, net inflows (BoP, current US$)"
world_bank_indicator,VNM,Viet Nam,2011,LP.LPI.OVRL.XQ,,Logistics performance index: Overall (1=low to 5=high)
world_bank_indicator,VNM,Viet Nam,2011,NV.IND.MANF.ZS,18.694145538196,"Manufacturing, value added (% of GDP)"
world_bank_indicator,VNM,Viet Nam,2011,NY.GDP.MKTP.CD,172595049183.925,GDP (current US$)
world_bank_indicator,VNM,Viet Nam,2012,BX.KLT.DINV.CD.WD,8368000000,"Foreign direct investment, net inflows (BoP, current US$)"
world_bank_indicator,VNM,Viet Nam,2012,LP.LPI.OVRL.XQ,3,Logistics performance index: Overall (1=low to 5=high)
world_bank_indicator,VNM,Viet Nam,2012,NV.IND.MANF.ZS,20.2740924828827,"Manufacturing, value added (% of GDP)"
world_bank_indicator,VNM,Viet Nam,2012,NY.GDP.MKTP.CD,195590661129.249,GDP (current US$)
world_bank_indicator,VNM,Viet Nam,2013,BX.KLT.DINV.CD.WD,8900000000,"Foreign direct investment, net inflows (BoP, current US$)"
world_bank_indicator,VNM,Viet Nam,2013,LP.LPI.OVRL.XQ,,Logistics performance index: Overall (1=low to 5=high)
world_bank_indicator,VNM,Viet Nam,2013,NV.IND.MANF.ZS,20.6874536915425,"Manufacturing, value added (% of GDP)"
world_bank_indicator,VNM,Viet Nam,2013,NY.GDP.MKTP.CD,213708811665.34,GDP (current US$)
world_bank_indicator,VNM,Viet Nam,2014,BX.KLT.DINV.CD.WD,9200000000,"Foreign direct investment, net inflows (BoP, current US$)"
world_bank_indicator,VNM,Viet Nam,2014,LP.LPI.OVRL.XQ,3.154763,Logistics performance index: Overall (1=low to 5=high)
world_bank_indicator,VNM,Viet Nam,2014,NV.IND.MANF.ZS,20.371229229791,"Manufacturing, value added (% of GDP)"
world_bank_indicator,VNM,Viet Nam,2014,NY.GDP.MKTP.CD,233451469642.519,GDP (current US$)
world_bank_indicator,VNM,Viet Nam,2015,BX.KLT.DINV.CD.WD,11800000000,"Foreign direct investment, net inflows (BoP, current US$)"
world_bank_indicator,VNM,Viet Nam,2015,LP.LPI.OVRL.XQ,,Logistics performance index: Overall (1=low to 5=high)
world_bank_indicator,VNM,Viet Nam,2015,NV.IND.MANF.ZS,20.9600916821922,"Manufacturing, value added (% of GDP)"
world_bank_indicator,VNM,Viet Nam,2015,NY.GDP.MKTP.CD,239258328381.741,GDP (current US$)
world_bank_indicator,VNM,Viet Nam,2016,BX.KLT.DINV.CD.WD,12600000000,"Foreign direct investment, net inflows (BoP, current US$)"
world_bank_indicator,VNM,Vietnam,2016,IC.BUS.EASE.DFRN.XQ.DB1719,65.28861,Global: Ease of doing business score (DB17-20 methodology)
world_bank_indicator,VNM,Vietnam,2016,IC.BUS.EASE.XQ,,Rank: Ease of doing business index (1=most business-friendly regulations)
world_bank_indicator,VNM,Viet Nam,2016,LP.LPI.OVRL.XQ,2.976629,Logistics performance index: Overall (1=low to 5=high)
world_bank_indicator,VNM,Viet Nam,2016,NV.IND.MANF.ZS,21.4882532002034,"Manufacturing, value added (% of GDP)"
world_bank_indicator,VNM,Viet Nam,2016,NY.GDP.MKTP.CD,257096001177.982,GDP (current US$)
world_bank_indicator,VNM,Viet Nam,2017,BX.KLT.DINV.CD.WD,14100000000,"Foreign direct investment, net inflows (BoP, current US$)"
world_bank_indicator,VNM,Vietnam,2017,IC.BUS.EASE.DFRN.XQ.DB1719,66.9796,Global: Ease of doing business score (DB17-20 methodology)
world_bank_indicator,VNM,Vietnam,2017,IC.BUS.EASE.XQ,,Rank: Ease of doing business index (1=most business-friendly regulations)
world_bank_indicator,VNM,Viet Nam,2017,LP.LPI.OVRL.XQ,,Logistics performance index: Overall (1=low to 5=high)
world_bank_indicator,VNM,Viet Nam,2017,NV.IND.MANF.ZS,22.6271239749306,"Manufacturing, value added (% of GDP)"
world_bank_indicator,VNM,Viet Nam,2017,NY.GDP.MKTP.CD,281353605986.903,GDP (current US$)
world_bank_indicator,VNM,Viet Nam,2018,BX.KLT.DINV.CD.WD,15500000000,"Foreign direct investment, net inflows (BoP, current US$)"
world_bank_indicator,VNM,Vietnam,2018,IC.BUS.EASE.DFRN.XQ.DB1719,68.56869,Global: Ease of doing business score (DB17-20 methodology)
world_bank_indicator,VNM,Vietnam,2018,IC.BUS.EASE.XQ,,Rank: Ease of doing business index (1=most business-friendly regulations)
world_bank_indicator,VNM,Viet Nam,2018,LP.LPI.OVRL.XQ,3.27,Logistics performance index: Overall (1=low to 5=high)
world_bank_indicator,VNM,Viet Nam,2018,NV.IND.MANF.ZS,23.3671679233065,"Manufacturing, value added (% of GDP)"
world_bank_indicator,VNM,Viet Nam,2018,NY.GDP.MKTP.CD,310106478394.659,GDP (current US$)
world_bank_indicator,VNM,Viet Nam,2019,BX.KLT.DINV.CD.WD,16120000000,"Foreign direct investment, net inflows (BoP, current US$)"
world_bank_indicator,VNM,Vietnam,2019,IC.BUS.EASE.DFRN.XQ.DB1719,69.76594,Global: Ease of doing business score (DB17-20 methodology)
world_bank_indicator,VNM,Vietnam,2019,IC.BUS.EASE.XQ,70,Rank: Ease of doing business index (1=most business-friendly regulations)
world_bank_indicator,VNM,Viet Nam,2019,LP.LPI.OVRL.XQ,,Logistics performance index: Overall (1=low to 5=high)
world_bank_indicator,VNM,Viet Nam,2019,NV.IND.MANF.ZS,23.7867165015145,"Manufacturing, value added (% of GDP)"
world_bank_indicator,VNM,Viet Nam,2019,NY.GDP.MKTP.CD,334365270496.667,GDP (current US$)
world_bank_indicator,VNM,Viet Nam,2020,BX.KLT.DINV.CD.WD,15800000000,"Foreign direct investment, net inflows (BoP, current US$)"
world_bank_indicator,VNM,Viet Nam,2020,LP.LPI.OVRL.XQ,,Logistics performance index: Overall (1=low to 5=high)
world_bank_indicator,VNM,Viet Nam,2020,NV.IND.MANF.ZS,23.9472430412931,"Manufacturing, value added (% of GDP)"
world_bank_indicator,VNM,Viet Nam,2020,NY.GDP.MKTP.CD,346615738537.796,GDP (current US$)
world_bank_indicator,VNM,Viet Nam,2021,BX.KLT.DINV.CD.WD,15660000000,"Foreign direct investment, net inflows (BoP, current US$)"
world_bank_indicator,VNM,Viet Nam,2021,LP.LPI.OVRL.XQ,,Logistics performance index: Overall (1=low to 5=high)
world_bank_indicator,VNM,Viet Nam,2021,NV.IND.MANF.ZS,24.4593726835115,"Manufacturing, value added (% of GDP)"
world_bank_indicator,VNM,Viet Nam,2021,NY.GDP.MKTP.CD,366474752771.009,GDP (current US$)
world_bank_indicator,VNM,Viet Nam,2022,BX.KLT.DINV.CD.WD,17900000000,"Foreign direct investment, net inflows (BoP, current US$)"
world_bank_indicator,VNM,Viet Nam,2022,LP.LPI.OVRL.XQ,3.3,Logistics performance index: Overall (1=low to 5=high)
world_bank_indicator,VNM,Viet Nam,2022,NV.IND.MANF.ZS,24.7772286923041,"Manufacturing, value added (% of GDP)"
world_bank_indicator,VNM,Viet Nam,2022,NY.GDP.MKTP.CD,413445230668.578,GDP (current US$)
world_bank_indicator,VNM,Viet Nam,2023,BX.KLT.DINV.CD.WD,18500000000,"Foreign direct investment, net inflows (BoP, current US$)"
world_bank_indicator,VNM,Viet Nam,2023,LP.LPI.OVRL.XQ,,Logistics performance index: Overall (1=low to 5=high)
world_bank_indicator,VNM,Viet Nam,2023,NV.IND.MANF.ZS,24.179672453009,"Manufacturing, value added (% of GDP)"
world_bank_indicator,VNM,Viet Nam,2023,NY.GDP.MKTP.CD,433857681378.291,GDP (current US$)
